row_identifier,food_description,compound_fraction,value,candidate,candidate_data_type,match_relationship,match_confidence,rationale,sample_stratum,review_verdict,approved_fdc_food,rejection_reason,match_scope,reviewer,review_date,review_notes
01010290:PHYTCPPD,"Rice, milled, cooked",PHYTCPPD,60.944,"Millet, cooked",sr_legacy_food,category_proxy,0.65,weak name match (confidence 0.65) taken as a coarse stand-in only,high_risk_keyword,reject,,"Rice vs MILLET -- different grains entirely, no evident textual justification for the match.",,Paul S,16/08/2026,
01010291:PHYTCPPD,"Rice, milled, cooked",PHYTCPPD,25.389,"Millet, cooked",sr_legacy_food,category_proxy,0.65,weak name match (confidence 0.65) taken as a coarse stand-in only,high_risk_keyword,reject,,"Rice vs MILLET -- different grains entirely, no evident textual justification for the match.",,Paul S,16/08/2026,
01010292:PHYTCPPD,"Rice, milled, raw",PHYTCPPD,371.686,"Millet, raw",sr_legacy_food,regional_equivalent,0.65,"name match with preparation state 'raw' confirmed present in 'Millet, raw', and matching edible-portion basis — not human-verified, so capped below 'exact'",high_risk_keyword,reject,,Same wrong-grain mismatch as the cooked variant above.,,Paul S,16/08/2026,
01010293:PHYTCPPD,"Rice, milled, raw",PHYTCPPD,236.4292,"Millet, raw",sr_legacy_food,regional_equivalent,0.65,"name match with preparation state 'raw' confirmed present in 'Millet, raw', and matching edible-portion basis — not human-verified, so capped below 'exact'",high_risk_keyword,reject,,Same wrong-grain mismatch as the cooked variant above.,,Paul S,16/08/2026,
01010294:PHYTCPPD,"Rice, milled, raw",PHYTCPPD,461.68,"Millet, raw",sr_legacy_food,regional_equivalent,0.65,"name match with preparation state 'raw' confirmed present in 'Millet, raw', and matching edible-portion basis — not human-verified, so capped below 'exact'",high_risk_keyword,reject,,Same wrong-grain mismatch as the cooked variant above.,,Paul S,16/08/2026,
01010295:PHYTCPPD,"Rice, milled, raw",PHYTCPPD,243.53,"Millet, raw",sr_legacy_food,regional_equivalent,0.65,"name match with preparation state 'raw' confirmed present in 'Millet, raw', and matching edible-portion basis — not human-verified, so capped below 'exact'",high_risk_keyword,reject,,Same wrong-grain mismatch as the cooked variant above.,,Paul S,16/08/2026,
01010296:PHYTCPPD,"Rice, milled, raw",PHYTCPPD,157.7757,"Millet, raw",sr_legacy_food,regional_equivalent,0.65,"name match with preparation state 'raw' confirmed present in 'Millet, raw', and matching edible-portion basis — not human-verified, so capped below 'exact'",high_risk_keyword,reject,,Same wrong-grain mismatch as the cooked variant above.,,Paul S,16/08/2026,
01010297:PHYTCPPD,"Rice, milled, raw",PHYTCPPD,371.686,"Millet, raw",sr_legacy_food,regional_equivalent,0.65,"name match with preparation state 'raw' confirmed present in 'Millet, raw', and matching edible-portion basis — not human-verified, so capped below 'exact'",high_risk_keyword,reject,,Same wrong-grain mismatch as the cooked variant above.,,Paul S,16/08/2026,
01010298:PHYTC-,"Rice, milled, raw",PHYTC-,12.95,"Millet, raw",sr_legacy_food,regional_equivalent,0.65,"name match with preparation state 'raw' confirmed present in 'Millet, raw', and matching edible-portion basis — not human-verified, so capped below 'exact'",high_risk_keyword,reject,,Same wrong-grain mismatch as the cooked variant above.,,Paul S,16/08/2026,
01010299:PHYTCPP,"Rice, milled, raw",PHYTCPP,266.0,"Millet, raw",sr_legacy_food,regional_equivalent,0.65,"name match with preparation state 'raw' confirmed present in 'Millet, raw', and matching edible-portion basis — not human-verified, so capped below 'exact'",high_risk_keyword,reject,,Same wrong-grain mismatch as the cooked variant above.,,Paul S,16/08/2026,
01020142:PHYT-,"Maize, yellow, seed, milled, raw",PHYT-,106.0,"Beans, yellow, mature seeds, raw",sr_legacy_food,category_proxy,0.65,weak name match (confidence 0.65) taken as a coarse stand-in only,high_risk_keyword,reject,,"Maize (a grain) vs BEANS (a legume) -- wrong category entirely, coincidental ""yellow"" color word.",,Paul S,16/08/2026,
01050130:PHYTCPPI,"Pearl millet flour, Ashana, dehulled seed, irradiated, 30 days storage",PHYTCPPI,286.78906,Millet flour,sr_legacy_food,category_proxy,0.65,weak name match (confidence 0.65) taken as a coarse stand-in only,high_risk_keyword,approve,Millet flour,,category_estimate,Paul S,16/08/2026,"Cultivar/treatment-specific source, reasonable generic millet-flour category estimate -- treatment specificity not preserved, standard caveat throughout this review."
01050131:PHYTCPPI,"Pearl millet flour, Ashana, dehulled seed, irradiated, 60 days storage",PHYTCPPI,287.346905,Millet flour,sr_legacy_food,category_proxy,0.65,weak name match (confidence 0.65) taken as a coarse stand-in only,high_risk_keyword,approve,Millet flour,,category_estimate,Paul S,16/08/2026,Same treatment-collapse caveat as above.
01050154:PHYTCPPI,"Pearl millet flour, Dembi, dehulled seed, irradiated, 60 days storage",PHYTCPPI,270.214445,Millet flour,sr_legacy_food,category_proxy,0.65,weak name match (confidence 0.65) taken as a coarse stand-in only,high_risk_keyword,approve,Millet flour,,category_estimate,Paul S,16/08/2026,Same treatment-collapse caveat as above.
01050158:PHYTCPPI,"Pearl millet flour, Dembi, dehulled seed,irradiated, 30 days storage",PHYTCPPI,270.14826,Millet flour,sr_legacy_food,category_proxy,0.65,weak name match (confidence 0.65) taken as a coarse stand-in only,high_risk_keyword,approve,Millet flour,,category_estimate,Paul S,16/08/2026,Same treatment-collapse caveat as above.
01050209:PHYTCPP,"Porridge, millet, fermented",PHYTCPP,14.54,"Millet, puffed",sr_legacy_food,category_proxy,0.65,weak name match (confidence 0.65) taken as a coarse stand-in only,high_risk_keyword,reject,,"Fermented (wet, processed) porridge vs PUFFED millet (a dry, extruded snack) -- wrong prep/product form; fermentation and puffing both materially change phytate.",,Paul S,16/08/2026,
01060046:IP3,"Barley, Sunnita, raw, 25 kGy irradiated",IP3,19.08522,"Barley, pearled, raw",sr_legacy_food,category_proxy,0.65,weak name match (confidence 0.65) taken as a coarse stand-in only,high_risk_keyword,reject,,"Pearled barley has the bran mostly removed; source only says ""raw"" without confirming pearled/milled state -- an unconfirmed, phytate-relevant milling-degree assumption, same concern flagged for review_3's wheat-extraction-rate rows.",,Paul S,16/08/2026,
01060046:IP4,"Barley, Sunnita, raw, 25 kGy irradiated",IP4,63.7065,"Barley, pearled, raw",sr_legacy_food,category_proxy,0.65,weak name match (confidence 0.65) taken as a coarse stand-in only,high_risk_keyword,reject,,"Pearled barley has the bran mostly removed; source only says ""raw"" without confirming pearled/milled state -- an unconfirmed, phytate-relevant milling-degree assumption, same concern flagged for review_3's wheat-extraction-rate rows.",,Paul S,16/08/2026,
01060046:IP5,"Barley, Sunnita, raw, 25 kGy irradiated",IP5,49.0941,"Barley, pearled, raw",sr_legacy_food,category_proxy,0.65,weak name match (confidence 0.65) taken as a coarse stand-in only,high_risk_keyword,reject,,"Pearled barley has the bran mostly removed; source only says ""raw"" without confirming pearled/milled state -- an unconfirmed, phytate-relevant milling-degree assumption, same concern flagged for review_3's wheat-extraction-rate rows.",,Paul S,16/08/2026,
01060046:IP6,"Barley, Sunnita, raw, 25 kGy irradiated",IP6,543.9554999999999,"Barley, pearled, raw",sr_legacy_food,category_proxy,0.65,weak name match (confidence 0.65) taken as a coarse stand-in only,high_risk_keyword,reject,,"Pearled barley has the bran mostly removed; source only says ""raw"" without confirming pearled/milled state -- an unconfirmed, phytate-relevant milling-degree assumption, same concern flagged for review_3's wheat-extraction-rate rows.",,Paul S,16/08/2026,
02020023:IP5,"Cassava, root, dough, fermented",IP5,31.0,"Cassava, raw",sr_legacy_food,category_proxy,0.65,weak name match (confidence 0.65) taken as a coarse stand-in only,high_risk_keyword,reject,,"Fermented DOUGH (wet, processed) vs RAW cassava root (unprocessed) -- fermentation significantly changes phytate, wrong prep state entirely.",,Paul S,16/08/2026,
02020023:IP5_A_IP6,"Cassava, root, dough, fermented",IP5_A_IP6,53.0,"Cassava, raw",sr_legacy_food,category_proxy,0.65,weak name match (confidence 0.65) taken as a coarse stand-in only,high_risk_keyword,reject,,"Fermented DOUGH (wet, processed) vs RAW cassava root (unprocessed) -- fermentation significantly changes phytate, wrong prep state entirely.",,Paul S,16/08/2026,
02020023:IP6,"Cassava, root, dough, fermented",IP6,22.0,"Cassava, raw",sr_legacy_food,category_proxy,0.65,weak name match (confidence 0.65) taken as a coarse stand-in only,high_risk_keyword,reject,,"Fermented DOUGH (wet, processed) vs RAW cassava root (unprocessed) -- fermentation significantly changes phytate, wrong prep state entirely.",,Paul S,16/08/2026,
02020023:PHYTCPP,"Cassava, root, dough, fermented",PHYTCPP,48.0,"Cassava, raw",sr_legacy_food,category_proxy,0.65,weak name match (confidence 0.65) taken as a coarse stand-in only,high_risk_keyword,reject,,"Fermented DOUGH (wet, processed) vs RAW cassava root (unprocessed) -- fermentation significantly changes phytate, wrong prep state entirely.",,Paul S,16/08/2026,
03010020:PHYTC-,"African oil bean, seed, roasted",PHYTC-,296.604,"Seeds, breadfruit seeds, roasted",sr_legacy_food,category_proxy,0.65,weak name match (confidence 0.65) taken as a coarse stand-in only,high_risk_keyword,reject,,"African oil bean (Pentaclethra macrophylla) vs breadfruit seeds -- different species, coincidental ""roasted""/generic ""seeds"" overlap. Candidate recurs for other unrelated species (Achi, Ofo) later in this sample -- a systemic mismatch, not a one-off.",,Paul S,16/08/2026,
03010135:PHYTCPPI,"Chickpea flour, soaked and boiled seed, dried",PHYTCPPI,689.941584,Chickpea flour (besan),sr_legacy_food,category_proxy,0.65,weak name match (confidence 0.65) taken as a coarse stand-in only,high_risk_keyword,approve,Chickpea flour (besan),,category_estimate,Paul S,16/08/2026,"Soaking/boiling/drying treatment not captured by the generic besan-flour candidate, but species and product form otherwise match -- category estimate with that caveat."
03010174:IP3,"Chickpea, var. Castellano, seed, water-soaked, drained, cooked, dried",IP3,17.0,"Cherries, sour, canned, water pack, drained",sr_legacy_food,category_proxy,0.65,weak name match (confidence 0.65) taken as a coarse stand-in only,high_risk_keyword,reject,,"Chickpea vs CHERRIES -- wrong category entirely, same coincidence-trap pattern established repeatedly elsewhere in this review.",,Paul S,16/08/2026,
03010174:IP4,"Chickpea, var. Castellano, seed, water-soaked, drained, cooked, dried",IP4,40.0,"Cherries, sour, canned, water pack, drained",sr_legacy_food,category_proxy,0.65,weak name match (confidence 0.65) taken as a coarse stand-in only,high_risk_keyword,reject,,"Chickpea vs CHERRIES -- wrong category entirely, same coincidence-trap pattern established repeatedly elsewhere in this review.",,Paul S,16/08/2026,
03010174:IP5,"Chickpea, var. Castellano, seed, water-soaked, drained, cooked, dried",IP5,217.0,"Cherries, sour, canned, water pack, drained",sr_legacy_food,category_proxy,0.65,weak name match (confidence 0.65) taken as a coarse stand-in only,high_risk_keyword,reject,,"Chickpea vs CHERRIES -- wrong category entirely, same coincidence-trap pattern established repeatedly elsewhere in this review.",,Paul S,16/08/2026,
03010174:IP6,"Chickpea, var. Castellano, seed, water-soaked, drained, cooked, dried",IP6,790.0,"Cherries, sour, canned, water pack, drained",sr_legacy_food,category_proxy,0.65,weak name match (confidence 0.65) taken as a coarse stand-in only,high_risk_keyword,reject,,"Chickpea vs CHERRIES -- wrong category entirely, same coincidence-trap pattern established repeatedly elsewhere in this review.",,Paul S,16/08/2026,
03010271:PHYTCPPI,"Cowpea flour, dehulled, water-soaked, dried",PHYTCPPI,630.964,"Cherries, sour, canned, water pack, drained",sr_legacy_food,category_proxy,0.65,weak name match (confidence 0.65) taken as a coarse stand-in only,high_risk_keyword,reject,,"Same cherries mismatch pattern, this time for cowpea flour.",,Paul S,16/08/2026,
03010308:PPI,"Cowpea, CL367, 16h germinated, raw",PPI,83.03569999999999,"Cowpeas, leafy tips, raw",sr_legacy_food,category_proxy,0.65,weak name match (confidence 0.65) taken as a coarse stand-in only,high_risk_keyword,reject,,Mature cowpea SEEDS (a germination-time-course study) matched to LEAFY TIPS -- wrong plant part.,,Paul S,16/08/2026,
03010309:PPI,"Cowpea, CL367, 20h germinated, raw",PPI,76.734,"Cowpeas, leafy tips, raw",sr_legacy_food,category_proxy,0.65,weak name match (confidence 0.65) taken as a coarse stand-in only,high_risk_keyword,reject,,Same wrong-plant-part mismatch as the other CL367 germination-hour rows.,,Paul S,16/08/2026,
03010310:PPI,"Cowpea, CL367, 24h germinated, raw",PPI,70.8407,"Cowpeas, leafy tips, raw",sr_legacy_food,category_proxy,0.65,weak name match (confidence 0.65) taken as a coarse stand-in only,high_risk_keyword,reject,,Same wrong-plant-part mismatch.,,Paul S,16/08/2026,
03010311:PPI,"Cowpea, CL367, germinated, raw",PPI,76.82555,"Cowpeas, leafy tips, raw",sr_legacy_food,category_proxy,0.65,weak name match (confidence 0.65) taken as a coarse stand-in only,high_risk_keyword,reject,,Same wrong-plant-part mismatch.,,Paul S,16/08/2026,
03010413:PHYTCPPI,"Faba bean, Qidou 2, steeped, germinated for 48h, raw",PHYTCPPI,352.92010000000005,"Beef, chuck for stew, separable lean and fat, all grades, raw",sr_legacy_food,category_proxy,0.65,weak name match (confidence 0.65) taken as a coarse stand-in only,high_risk_keyword,reject,,"Faba bean (a plant) matched to BEEF (an animal product) -- wrong category entirely, no evident textual justification.",,Paul S,16/08/2026,
03010415:PHYTCPPI,"Faba bean, Qidou 2, steeped, germinated for 96h, raw",PHYTCPPI,175.0329,"Beef, chuck for stew, separable lean and fat, all grades, raw",sr_legacy_food,category_proxy,0.65,weak name match (confidence 0.65) taken as a coarse stand-in only,high_risk_keyword,reject,,Same absurd plant-to-beef mismatch as the 48h row.,,Paul S,16/08/2026,
03010431:PHYTCPPI,"Faba bean, water-soaked, germinated for 120h, raw",PHYTCPPI,134.35660000000001,"Winged bean tuber, raw",sr_legacy_food,category_proxy,0.65,weak name match (confidence 0.65) taken as a coarse stand-in only,high_risk_keyword,reject,,"Faba bean (Vicia faba, seeds) vs winged bean TUBER (Psophocarpus, a root) -- wrong species and wrong plant part.",,Paul S,16/08/2026,
03010432:PHYTCPPI,"Faba bean, water-soaked, germinated for 24h, raw",PHYTCPPI,408.1,"Winged bean tuber, raw",sr_legacy_food,category_proxy,0.65,weak name match (confidence 0.65) taken as a coarse stand-in only,high_risk_keyword,reject,,Same species/plant-part mismatch as the other germination-hour rows.,,Paul S,16/08/2026,
03010433:PHYTCPPI,"Faba bean, water-soaked, germinated for 48h, raw",PHYTCPPI,352.92009999999993,"Winged bean tuber, raw",sr_legacy_food,category_proxy,0.65,weak name match (confidence 0.65) taken as a coarse stand-in only,high_risk_keyword,reject,,Same mismatch.,,Paul S,16/08/2026,
03010434:PHYTCPPI,"Faba bean, water-soaked, germinated for 72h, raw",PHYTCPPI,237.95799999999997,"Winged bean tuber, raw",sr_legacy_food,category_proxy,0.65,weak name match (confidence 0.65) taken as a coarse stand-in only,high_risk_keyword,reject,,Same mismatch.,,Paul S,16/08/2026,
03010435:PHYTCPPI,"Faba bean, water-soaked, germinated for 96h, raw",PHYTCPPI,175.0329,"Winged bean tuber, raw",sr_legacy_food,category_proxy,0.65,weak name match (confidence 0.65) taken as a coarse stand-in only,high_risk_keyword,reject,,Same mismatch.,,Paul S,16/08/2026,
03010472:PHYTCPPD,"Lentil, raw, 10kGy irradiated",PHYTCPPD,696.9368,"Lentils, raw",sr_legacy_food,category_proxy,0.65,weak name match (confidence 0.65) taken as a coarse stand-in only,high_risk_keyword,approve,"Lentils, raw",,category_estimate,Paul S,16/08/2026,"Irradiation treatment not captured by the generic candidate, but species and category are correct -- category estimate with that caveat."
03010473:PHYTCPPD,"Lentil, raw, 5kGy irradiated",PHYTCPPD,879.9616000000001,"Lentils, raw",sr_legacy_food,category_proxy,0.65,weak name match (confidence 0.65) taken as a coarse stand-in only,high_risk_keyword,approve,"Lentils, raw",,category_estimate,Paul S,16/08/2026,Same irradiation-treatment caveat.
03010474:PHYTCPPD,"Lentil, raw, 7.5kGy irradiated",PHYTCPPD,775.3759999999999,"Lentils, raw",sr_legacy_food,category_proxy,0.65,weak name match (confidence 0.65) taken as a coarse stand-in only,high_risk_keyword,approve,"Lentils, raw",,category_estimate,Paul S,16/08/2026,Same irradiation-treatment caveat.
03010487:IP3,"Lentil, Pardina, seed, water-soaked, drained, dried",IP3,45.0,"Cherries, sour, canned, water pack, drained",sr_legacy_food,category_proxy,0.65,weak name match (confidence 0.65) taken as a coarse stand-in only,high_risk_keyword,reject,,Lentil vs CHERRIES -- same coincidence-trap pattern as the chickpea rows above.,,Paul S,16/08/2026,
03010487:IP4,"Lentil, Pardina, seed, water-soaked, drained, dried",IP4,72.0,"Cherries, sour, canned, water pack, drained",sr_legacy_food,category_proxy,0.65,weak name match (confidence 0.65) taken as a coarse stand-in only,high_risk_keyword,reject,,Lentil vs CHERRIES -- same coincidence-trap pattern as the chickpea rows above.,,Paul S,16/08/2026,
03010487:IP5,"Lentil, Pardina, seed, water-soaked, drained, dried",IP5,64.0,"Cherries, sour, canned, water pack, drained",sr_legacy_food,category_proxy,0.65,weak name match (confidence 0.65) taken as a coarse stand-in only,high_risk_keyword,reject,,Lentil vs CHERRIES -- same coincidence-trap pattern as the chickpea rows above.,,Paul S,16/08/2026,
03010487:IP6,"Lentil, Pardina, seed, water-soaked, drained, dried",IP6,241.0,"Cherries, sour, canned, water pack, drained",sr_legacy_food,category_proxy,0.65,weak name match (confidence 0.65) taken as a coarse stand-in only,high_risk_keyword,reject,,Lentil vs CHERRIES -- same coincidence-trap pattern as the chickpea rows above.,,Paul S,16/08/2026,
03010495:PHYTCPP,"Lentil, seed, water-soaked for 12 h, autoclaved, dried",PHYTCPP,2194.7999999999997,"Seeds, watermelon seed kernels, dried",sr_legacy_food,category_proxy,0.65,weak name match (confidence 0.65) taken as a coarse stand-in only,high_risk_keyword,reject,,"Lentil vs WATERMELON SEEDS -- wrong species entirely, coincidental ""dried""/generic ""seeds"" overlap. This candidate recurs for many unrelated seed-bearing species later in this sample (Sesbania, soybean, roselle) -- a systemic mismatch.",,Paul S,16/08/2026,
03010544:PHYTCPPI,"Milletia, seed, germinated, raw",PHYTCPPI,1.8083,"Millet, raw",sr_legacy_food,category_proxy,0.65,weak name match (confidence 0.65) taken as a coarse stand-in only,high_risk_keyword,reject,,"""Milletia"" is a genus of legume trees, unrelated to millet grain (Poaceae) despite the similar spelling -- a false-cognate mismatch.",,Paul S,16/08/2026,
03010577:PPI,"Mung bean, PAU911, germinated, microwaved",PPI,42.4982,"Beans, snap, green, microwaved",sr_legacy_food,category_proxy,0.65,weak name match (confidence 0.65) taken as a coarse stand-in only,high_risk_keyword,reject,,"Mung bean (Vigna radiata) vs SNAP beans (Phaseolus vulgaris) -- different species despite both being ""beans"" and both microwaved.",,Paul S,16/08/2026,
03010592:PHYTCPPD,"Pea, 10kGy irradiated, dried",PHYTCPPD,650.7864000000001,"Pepeao, dried",sr_legacy_food,category_proxy,0.65,weak name match (confidence 0.65) taken as a coarse stand-in only,high_risk_keyword,reject,,Pea vs a wood-ear mushroom -- established pea/Pepeao coincidence-trap pattern from earlier in this review.,,Paul S,16/08/2026,
03010593:PHYTCPPD,"Pea, 5kGy irradiated, dried",PHYTCPPD,716.1264000000001,"Pepeao, dried",sr_legacy_food,category_proxy,0.65,weak name match (confidence 0.65) taken as a coarse stand-in only,high_risk_keyword,reject,,Same pea/mushroom mismatch.,,Paul S,16/08/2026,
03010594:PHYTCPPD,"Pea, 7.5kGy irradiated, dried",PHYTCPPD,696.0888,"Pepeao, dried",sr_legacy_food,category_proxy,0.65,weak name match (confidence 0.65) taken as a coarse stand-in only,high_risk_keyword,reject,,Same mismatch.,,Paul S,16/08/2026,
03010667:PHYTCPPD,"Sesbania, water-soaked, 3kGy irradiated, dried",PHYTCPPD,1869.5009999999997,"Seeds, watermelon seed kernels, dried",sr_legacy_food,category_proxy,0.65,weak name match (confidence 0.65) taken as a coarse stand-in only,high_risk_keyword,reject,,"Sesbania (a legume tree) vs WATERMELON SEEDS -- wrong species; this candidate recurs across many unrelated seed-bearing plants in this sample, confirming a systemic garbage-bucket-style mismatch, not a one-off.",,Paul S,16/08/2026,
03010668:PHYTCPPD,"Sesbania, water-soaked, 3kGy irradiated, dried",PHYTCPPD,1310.595,"Seeds, watermelon seed kernels, dried",sr_legacy_food,category_proxy,0.65,weak name match (confidence 0.65) taken as a coarse stand-in only,high_risk_keyword,reject,,"Sesbania (a legume tree) vs WATERMELON SEEDS -- wrong species; this candidate recurs across many unrelated seed-bearing plants in this sample, confirming a systemic garbage-bucket-style mismatch, not a one-off.",,Paul S,16/08/2026,
03010669:PHYTCPPD,"Sesbania, water-soaked, 3kGy irradiated, dried",PHYTCPPD,1770.703,"Seeds, watermelon seed kernels, dried",sr_legacy_food,category_proxy,0.65,weak name match (confidence 0.65) taken as a coarse stand-in only,high_risk_keyword,reject,,"Sesbania (a legume tree) vs WATERMELON SEEDS -- wrong species; this candidate recurs across many unrelated seed-bearing plants in this sample, confirming a systemic garbage-bucket-style mismatch, not a one-off.",,Paul S,16/08/2026,
03010670:PHYTCPPD,"Sesbania, water-soaked, 4kGy irradiated, dried",PHYTCPPD,1906.295,"Seeds, watermelon seed kernels, dried",sr_legacy_food,category_proxy,0.65,weak name match (confidence 0.65) taken as a coarse stand-in only,high_risk_keyword,reject,,Same systemic watermelon-seed-kernels mismatch.,,Paul S,16/08/2026,
03010671:PHYTCPPD,"Sesbania, water-soaked, 4kGy irradiated, dried",PHYTCPPD,1547.865,"Seeds, watermelon seed kernels, dried",sr_legacy_food,category_proxy,0.65,weak name match (confidence 0.65) taken as a coarse stand-in only,high_risk_keyword,reject,,Same systemic watermelon-seed-kernels mismatch.,,Paul S,16/08/2026,
03010672:PHYTCPPD,"Sesbania, water-soaked, 4kGy irradiated, dried",PHYTCPPD,1762.101,"Seeds, watermelon seed kernels, dried",sr_legacy_food,category_proxy,0.65,weak name match (confidence 0.65) taken as a coarse stand-in only,high_risk_keyword,reject,,Same systemic watermelon-seed-kernels mismatch.,,Paul S,16/08/2026,
03010673:PHYTCPPD,"Sesbania, water-soaked, 6kGy irradiated, dried",PHYTCPPD,1832.2920000000001,"Seeds, watermelon seed kernels, dried",sr_legacy_food,category_proxy,0.65,weak name match (confidence 0.65) taken as a coarse stand-in only,high_risk_keyword,reject,,Same systemic mismatch.,,Paul S,16/08/2026,
03010674:PHYTCPPD,"Sesbania, water-soaked, 6kGy irradiated, dried",PHYTCPPD,1609.92,"Seeds, watermelon seed kernels, dried",sr_legacy_food,category_proxy,0.65,weak name match (confidence 0.65) taken as a coarse stand-in only,high_risk_keyword,reject,,Same systemic mismatch.,,Paul S,16/08/2026,
03010675:PHYTCPPD,"Sesbania, water-soaked, 6kGy irradiated, dried",PHYTCPPD,1995.427,"Seeds, watermelon seed kernels, dried",sr_legacy_food,category_proxy,0.65,weak name match (confidence 0.65) taken as a coarse stand-in only,high_risk_keyword,reject,,Same systemic mismatch.,,Paul S,16/08/2026,
03010676:PHYTCPPD,"Sesbania, water-soaked, dried",PHYTCPPD,1921.156,"Seeds, watermelon seed kernels, dried",sr_legacy_food,category_proxy,0.65,weak name match (confidence 0.65) taken as a coarse stand-in only,high_risk_keyword,reject,,Same systemic mismatch.,,Paul S,16/08/2026,
03010677:PHYTCPPD,"Sesbania, water-soaked, dried",PHYTCPPD,1289.781,"Seeds, watermelon seed kernels, dried",sr_legacy_food,category_proxy,0.65,weak name match (confidence 0.65) taken as a coarse stand-in only,high_risk_keyword,reject,,Same systemic mismatch.,,Paul S,16/08/2026,
03010678:PHYTCPPD,"Sesbania, water-soaked, dried",PHYTCPPD,2037.63,"Seeds, watermelon seed kernels, dried",sr_legacy_food,category_proxy,0.65,weak name match (confidence 0.65) taken as a coarse stand-in only,high_risk_keyword,reject,,Same systemic mismatch.,,Paul S,16/08/2026,
03020025:PHYT-,"Soybean flour, roasted",PHYT-,248.0,"Soy flour, full-fat, roasted",sr_legacy_food,category_proxy,0.65,weak name match (confidence 0.65) taken as a coarse stand-in only,high_risk_keyword,approve,"Soy flour, full-fat, roasted",,category_estimate,Paul S,16/08/2026,Excellent match.
03020075:IP3,"Soybean, water-soaked, 24h germinated, dried",IP3,0.9329999999999999,"Seeds, watermelon seed kernels, dried",sr_legacy_food,category_proxy,0.65,weak name match (confidence 0.65) taken as a coarse stand-in only,high_risk_keyword,reject,,Soybean vs WATERMELON SEEDS -- same systemic garbage-bucket mismatch as the Sesbania rows above.,,Paul S,16/08/2026,
03020075:IP4,"Soybean, water-soaked, 24h germinated, dried",IP4,18.66,"Seeds, watermelon seed kernels, dried",sr_legacy_food,category_proxy,0.65,weak name match (confidence 0.65) taken as a coarse stand-in only,high_risk_keyword,reject,,Soybean vs WATERMELON SEEDS -- same systemic garbage-bucket mismatch as the Sesbania rows above.,,Paul S,16/08/2026,
03020075:IP5,"Soybean, water-soaked, 24h germinated, dried",IP5,85.836,"Seeds, watermelon seed kernels, dried",sr_legacy_food,category_proxy,0.65,weak name match (confidence 0.65) taken as a coarse stand-in only,high_risk_keyword,reject,,Soybean vs WATERMELON SEEDS -- same systemic garbage-bucket mismatch as the Sesbania rows above.,,Paul S,16/08/2026,
03020075:IP6,"Soybean, water-soaked, 24h germinated, dried",IP6,347.07599999999996,"Seeds, watermelon seed kernels, dried",sr_legacy_food,category_proxy,0.65,weak name match (confidence 0.65) taken as a coarse stand-in only,high_risk_keyword,reject,,Soybean vs WATERMELON SEEDS -- same systemic garbage-bucket mismatch as the Sesbania rows above.,,Paul S,16/08/2026,
03020075:IPSUM,"Soybean, water-soaked, 24h germinated, dried",IPSUM,452.505,"Seeds, watermelon seed kernels, dried",sr_legacy_food,category_proxy,0.65,weak name match (confidence 0.65) taken as a coarse stand-in only,high_risk_keyword,reject,,Soybean vs WATERMELON SEEDS -- same systemic garbage-bucket mismatch as the Sesbania rows above.,,Paul S,16/08/2026,
03020076:IP4,"Soybean, water-soaked, 48h germinated, dried",IP4,17.632,"Seeds, watermelon seed kernels, dried",sr_legacy_food,category_proxy,0.65,weak name match (confidence 0.65) taken as a coarse stand-in only,high_risk_keyword,reject,,Same systemic mismatch.,,Paul S,16/08/2026,
03020076:IP5,"Soybean, water-soaked, 48h germinated, dried",IP5,93.728,"Seeds, watermelon seed kernels, dried",sr_legacy_food,category_proxy,0.65,weak name match (confidence 0.65) taken as a coarse stand-in only,high_risk_keyword,reject,,Same systemic mismatch.,,Paul S,16/08/2026,
03020076:IP6,"Soybean, water-soaked, 48h germinated, dried",IP6,335.936,"Seeds, watermelon seed kernels, dried",sr_legacy_food,category_proxy,0.65,weak name match (confidence 0.65) taken as a coarse stand-in only,high_risk_keyword,reject,,Same systemic mismatch.,,Paul S,16/08/2026,
03020076:IPSUM,"Soybean, water-soaked, 48h germinated, dried",IPSUM,447.296,"Seeds, watermelon seed kernels, dried",sr_legacy_food,category_proxy,0.65,weak name match (confidence 0.65) taken as a coarse stand-in only,high_risk_keyword,reject,,Same systemic mismatch.,,Paul S,16/08/2026,
03020079:PHYTC-,"Soybean, ZC3-M, dried, 150Gy irradiated",PHYTC-,386.31999999999994,"Soybeans, mature seeds, dry roasted",sr_legacy_food,category_proxy,0.65,weak name match (confidence 0.65) taken as a coarse stand-in only,high_risk_keyword,reject,,"""Dried"" (unroasted) vs ""DRY ROASTED"" -- roasting is a distinct heat treatment, established prep-state mismatch precedent.",,Paul S,16/08/2026,
03020080:PHYTC-,"Soybean, ZC3-M, dried, 150Gy irradiated",PHYTC-,509.52,"Soybeans, mature seeds, dry roasted",sr_legacy_food,category_proxy,0.65,weak name match (confidence 0.65) taken as a coarse stand-in only,high_risk_keyword,reject,,"""Dried"" (unroasted) vs ""DRY ROASTED"" -- roasting is a distinct heat treatment, established prep-state mismatch precedent.",,Paul S,16/08/2026,
03020160:PHYTCPP,"Tofu, extra firm, prepared with CaCl2, Mori-Nu brand",PHYTCPP,185.0,"Tofu, extra firm, prepared with nigari",sr_legacy_food,category_proxy,0.65,weak name match (confidence 0.65) taken as a coarse stand-in only,high_risk_keyword,reject,,"CaCl2 (calcium chloride) coagulant vs ""nigari"" (traditionally magnesium-chloride-based bittern) -- different coagulant chemistry, exactly the coagulant-mismatch concern review_4's TOFU_COAGULANT tag exists to catch; coagulant type materially affects mineral content.",,Paul S,16/08/2026,
03020161:PHYTCPP,"Tofu, extra firm, prepared with MgCl2, Nasoya brand",PHYTCPP,177.0,"Tofu, extra firm, prepared with nigari",sr_legacy_food,category_proxy,0.65,weak name match (confidence 0.65) taken as a coarse stand-in only,high_risk_keyword,approve,"Tofu, extra firm, prepared with nigari",,category_estimate,Paul S,16/08/2026,"MgCl2 coagulant vs ""nigari"" -- nigari IS traditionally a magnesium-chloride-dominant bittern mixture, so this is a reasonably close match, unlike the CaCl2 case above (a genuinely different, calcium-based coagulant)."
03020166:PHYTCPP,"Tofu, fried, prepared with MgCl2, Soy Deli brand",PHYTCPP,596.0,"Tofu, fried, prepared with calcium sulfate",sr_legacy_food,category_proxy,0.65,weak name match (confidence 0.65) taken as a coarse stand-in only,high_risk_keyword,reject,,"MgCl2 coagulant vs CALCIUM SULFATE (gypsum) -- different coagulant chemistry (magnesium vs calcium-based), same coagulant-mismatch concern as the CaCl2 case above.",,Paul S,16/08/2026,
06010002:PHYTCPPI,"Achi, seed, dehulled, roasted",PHYTCPPI,122.2359,"Seeds, breadfruit seeds, roasted",sr_legacy_food,category_proxy,0.65,weak name match (confidence 0.65) taken as a coarse stand-in only,high_risk_keyword,reject,,"""Achi"" (Brachystegia eurycoma, a West African soup-thickener seed) vs breadfruit seeds -- different species; this candidate is reused across three different actual species in this sample (African oil bean, Achi, Ofo), confirming a systemic mismatch.",,Paul S,16/08/2026,
06010125:PHYTCPPI,"Ofo, seed, dehulled, roasted",PHYTCPPI,123.10120000000002,"Seeds, breadfruit seeds, roasted",sr_legacy_food,category_proxy,0.65,weak name match (confidence 0.65) taken as a coarse stand-in only,high_risk_keyword,reject,,"""Ofo"" (Detarium microcarpum) vs breadfruit seeds -- same systemic ""breadfruit seeds, roasted"" mismatch pattern.",,Paul S,16/08/2026,
06010148:PHYTCPP,"Pindan wattle, Pt Hedland 17964, seed, raw, milled",PHYTCPP,2.766,"Mandarin, seedless, peeled, raw",foundation_food,regional_equivalent,0.65,"name match with preparation state 'raw' confirmed present in 'Mandarin, seedless, peeled, raw', and matching edible-portion basis — not human-verified, so capped below 'exact'",high_risk_keyword,reject,,"A wattle-tree seed (Acacia sp.) vs MANDARIN ORANGE -- wrong category entirely, no evident relationship.",,Paul S,16/08/2026,
13030019:PHYTCPPI,"Roselle, seed, water-boiled, fermented, dried",PHYTCPPI,710.77,"Seeds, watermelon seed kernels, dried",sr_legacy_food,category_proxy,0.65,weak name match (confidence 0.65) taken as a coarse stand-in only,high_risk_keyword,reject,,Roselle vs WATERMELON SEEDS -- same systemic garbage-bucket mismatch confirmed across 4+ unrelated species in this sample.,,Paul S,16/08/2026,
01010031:PHYTCPPD,"Rice bran, extruded at 165ºC and 20%H20",PHYTCPPD,1981.0,"Rice bran, crude",sr_legacy_food,category_proxy,0.65,weak name match (confidence 0.65) taken as a coarse stand-in only,random_sample,reject,,"Extruded (processed under heat/pressure) vs CRUDE (raw, unprocessed) bran -- meaningful prep-state mismatch, extrusion significantly alters phytate.",,Paul S,16/08/2026,
01010061:PHYTCA,Rice flour,PHYTCA,210.0,"Rice flour, brown",sr_legacy_food,close_analogue,0.85,"name-matched at confidence 0.85, but preparation state/moisture basis alignment could not be confirmed automatically",random_sample,approve,"Rice flour, brown",,category_estimate,Paul S,16/08/2026,"Brown assumed for an unspecified ""Rice flour"" -- a reasonable default, no strong reason to doubt."
01010318:PHYTCPPD,"Rice, raw",PHYTCPPD,176.88,"Wild rice, raw",sr_legacy_food,regional_equivalent,0.65,"name match with preparation state 'raw' confirmed present in 'Wild rice, raw', and matching edible-portion basis — not human-verified, so capped below 'exact'",random_sample,reject,,"Plain rice (presumably Oryza sativa) vs WILD rice (Zizania, a different genus) -- wrong species.",,Paul S,16/08/2026,
01010337:PHYTCPP,"Rice, white, long grains, raw",PHYTCPP,69.68,"Rice, white, long grain, unenriched, raw",foundation_food,regional_equivalent,0.65,"name match with preparation state 'raw' confirmed present in 'Rice, white, long grain, unenriched, raw', and matching edible-portion basis — not human-verified, so capped below 'exact'",random_sample,approve,"Rice, white, long grain, unenriched, raw",,category_estimate,Paul S,16/08/2026,Clean/exact match.
01020022:PHYTCPPI,"Corn, 113, raw",PHYTCPPI,334.509,"Cornsalad, raw",sr_legacy_food,regional_equivalent,0.65,"name match with preparation state 'raw' confirmed present in 'Cornsalad, raw', and matching edible-portion basis — not human-verified, so capped below 'exact'",random_sample,reject,,"Corn (maize) vs CORNSALAD (Valerianella locusta, an unrelated leafy salad green, aka lamb's lettuce) -- a false-cognate mismatch, confirmed systemic across 5 rows in this sample.",,Paul S,16/08/2026,
01020025:PHYTCPPI,"Corn, 22, raw",PHYTCPPI,375.999,"Cornsalad, raw",sr_legacy_food,regional_equivalent,0.65,"name match with preparation state 'raw' confirmed present in 'Cornsalad, raw', and matching edible-portion basis — not human-verified, so capped below 'exact'",random_sample,reject,,Same corn/cornsalad false-cognate mismatch.,,Paul S,16/08/2026,
01020027:PHYTCPPI,"Corn, 36, raw",PHYTCPPI,344.52,"Cornsalad, raw",sr_legacy_food,regional_equivalent,0.65,"name match with preparation state 'raw' confirmed present in 'Cornsalad, raw', and matching edible-portion basis — not human-verified, so capped below 'exact'",random_sample,reject,,Same mismatch.,,Paul S,16/08/2026,
01020030:PHYTCPPI,"Corn, 42, raw",PHYTCPPI,302.88019999999995,"Cornsalad, raw",sr_legacy_food,regional_equivalent,0.65,"name match with preparation state 'raw' confirmed present in 'Cornsalad, raw', and matching edible-portion basis — not human-verified, so capped below 'exact'",random_sample,reject,,Same mismatch.,,Paul S,16/08/2026,
01020031:PHYTCPPI,"Corn, 43, raw",PHYTCPPI,313.02,"Cornsalad, raw",sr_legacy_food,regional_equivalent,0.65,"name match with preparation state 'raw' confirmed present in 'Cornsalad, raw', and matching edible-portion basis — not human-verified, so capped below 'exact'",random_sample,reject,,Same mismatch.,,Paul S,16/08/2026,
01020074:PHYTCPPD,"Maize, Bc 183 (1985), full grain maturity, raw",PHYTCPPD,850.0,"Fonio, grain, dry, raw",foundation_food,regional_equivalent,0.65,"name match with preparation state 'raw' confirmed present in 'Fonio, grain, dry, raw', and matching edible-portion basis — not human-verified, so capped below 'exact'",random_sample,reject,,"Maize vs FONIO -- completely different grain species, no evident textual justification, confirmed systemic across 5 rows in this sample.",,Paul S,16/08/2026,
01020081:PHYTCPPD,"Maize, Bc 183 (1986), full grain maturity, raw",PHYTCPPD,630.0,"Fonio, grain, dry, raw",foundation_food,regional_equivalent,0.65,"name match with preparation state 'raw' confirmed present in 'Fonio, grain, dry, raw', and matching edible-portion basis — not human-verified, so capped below 'exact'",random_sample,reject,,Same maize/fonio mismatch.,,Paul S,16/08/2026,
01020101:PHYTCPPD,"Maize, Bc 488 (1985), full grain maturity, raw",PHYTCPPD,550.0,"Fonio, grain, dry, raw",foundation_food,regional_equivalent,0.65,"name match with preparation state 'raw' confirmed present in 'Fonio, grain, dry, raw', and matching edible-portion basis — not human-verified, so capped below 'exact'",random_sample,reject,,Same mismatch.,,Paul S,16/08/2026,
01020102:PHYTCPPD,"Maize, Bc 488 (1985), full grain maturity, raw",PHYTCPPD,600.0,"Fonio, grain, dry, raw",foundation_food,regional_equivalent,0.65,"name match with preparation state 'raw' confirmed present in 'Fonio, grain, dry, raw', and matching edible-portion basis — not human-verified, so capped below 'exact'",random_sample,reject,,Same mismatch.,,Paul S,16/08/2026,
01020108:PHYTCPPD,"Maize, Bc 488 (1986), full grain maturity, raw",PHYTCPPD,390.0,"Fonio, grain, dry, raw",foundation_food,regional_equivalent,0.65,"name match with preparation state 'raw' confirmed present in 'Fonio, grain, dry, raw', and matching edible-portion basis — not human-verified, so capped below 'exact'",random_sample,reject,,Same mismatch.,,Paul S,16/08/2026,
01030013:PHYTCPPI,"Bread, wheat-based",PHYTCPPI,542.0,"Bread, wheat",sr_legacy_food,category_proxy,0.65,weak name match (confidence 0.65) taken as a coarse stand-in only,random_sample,approve,"Bread, wheat",,category_estimate,Paul S,16/08/2026,Clean match.
01030022:PHYTCA,"Bread, wheat-based",PHYTCA,53.09589999999999,"Bread, wheat",sr_legacy_food,category_proxy,0.65,weak name match (confidence 0.65) taken as a coarse stand-in only,random_sample,approve,"Bread, wheat",,category_estimate,Paul S,16/08/2026,Clean match.
01030025:PHYTCA,"Bread, wheat-based",PHYTCA,54.50412,"Bread, wheat",sr_legacy_food,category_proxy,0.65,weak name match (confidence 0.65) taken as a coarse stand-in only,random_sample,approve,"Bread, wheat",,category_estimate,Paul S,16/08/2026,Clean match.
01030050:PHYTCPPD,"Bread, white wheat-based",PHYTCPPD,7.0,"Bread, white wheat",sr_legacy_food,category_proxy,0.65,weak name match (confidence 0.65) taken as a coarse stand-in only,random_sample,approve,"Bread, white wheat",,category_estimate,Paul S,16/08/2026,Clean match.
01030057:PHYTC-,"Bread, white wheat-based, high fiber",PHYTC-,156.8,"Bread, white wheat",sr_legacy_food,category_proxy,0.65,weak name match (confidence 0.65) taken as a coarse stand-in only,random_sample,approve,"Bread, white wheat",,category_estimate,Paul S,16/08/2026,"""High fiber"" variant not captured, otherwise good match -- category estimate with that caveat."
01030061:IP5_A_IP6,"Bread, whole and white wheat (50/50)",IP5_A_IP6,36.173151999999995,"Bread, white wheat",sr_legacy_food,category_proxy,0.65,weak name match (confidence 0.65) taken as a coarse stand-in only,random_sample,reject,,"A 50/50 whole-wheat/white-wheat blend matched to pure white-wheat bread -- missing half the whole-wheat (bran-retaining) component, a meaningful compositional gap.",,Paul S,16/08/2026,
01030071:PHYTCPPI,"Bread, whole wheat-based, Hard red winter, unleavened",PHYTCPPI,405.875,"Wheat, hard red winter",sr_legacy_food,category_proxy,0.65,weak name match (confidence 0.65) taken as a coarse stand-in only,random_sample,reject,,"BREAD (a baked product) vs raw WHEAT GRAIN (unprocessed) -- wrong product form, despite the variety name matching well.",,Paul S,16/08/2026,
01030099:PHYTCPPD,"Cracker, whole wheat-based",PHYTCPPD,588.0,"Crackers, whole-wheat",sr_legacy_food,category_proxy,0.65,weak name match (confidence 0.65) taken as a coarse stand-in only,random_sample,approve,"Crackers, whole-wheat",,category_estimate,Paul S,16/08/2026,Clean match.
01030116:PHYTCPP,"Noodle, wheat-based, uncooked",PHYTCPP,3.0,"Wheat, KAMUT khorasan, uncooked",sr_legacy_food,category_proxy,0.65,weak name match (confidence 0.65) taken as a coarse stand-in only,random_sample,reject,,A processed NOODLE vs raw KAMUT wheat grain (a specific ancient-grain variety not mentioned in the source) -- wrong product form and an unconfirmed specific variety.,,Paul S,16/08/2026,
01030135:PHYTC-,"Wheat bran, Back Cross of Roshan, raw",PHYTC-,673.4,"Wheat bran, crude",sr_legacy_food,category_proxy,0.65,weak name match (confidence 0.65) taken as a coarse stand-in only,random_sample,approve,"Wheat bran, crude",,category_estimate,Paul S,16/08/2026,"Breeding-line-specific source, reasonable generic crude-bran category estimate."
01030225:PHYTC-,"Wheat, germ",PHYTC-,1026.0,"Wheat germ, crude",sr_legacy_food,category_proxy,0.65,weak name match (confidence 0.65) taken as a coarse stand-in only,random_sample,approve,"Wheat germ, crude",,category_estimate,Paul S,16/08/2026,Clean match.
01040013:PHYTCA,Sorghum flour,PHYTCA,490.0,"Sorghum flour, whole-grain",sr_legacy_food,close_analogue,0.85,"name-matched at confidence 0.85, but preparation state/moisture basis alignment could not be confirmed automatically",random_sample,approve,"Sorghum flour, whole-grain",,category_estimate,Paul S,16/08/2026,"Whole-grain assumption for an unspecified ""Sorghum flour"" is a reasonable default."
01040068:PHYTCPP,"Sorghum, raw",PHYTCPP,427.0,Sorghum grain,sr_legacy_food,category_proxy,0.65,weak name match (confidence 0.65) taken as a coarse stand-in only,random_sample,approve,Sorghum grain,,category_estimate,Paul S,16/08/2026,Clean match.
01050075:PHYTCPP,"Bajra, raw",PHYTCPP,485.0,"Bananas, raw",sr_legacy_food,regional_equivalent,0.65,"name match with preparation state 'raw' confirmed present in 'Bananas, raw', and matching edible-portion basis — not human-verified, so capped below 'exact'",random_sample,reject,,"""Bajra"" is the common Hindi name for pearl millet (a grain) -- matched to BANANAS, a completely unrelated fruit.",,Paul S,16/08/2026,
01050110:PPD,"Indian barnyard millet, raw, grounded",PPD,105.3,"Millet, raw",sr_legacy_food,regional_equivalent,0.65,"name match with preparation state 'raw' confirmed present in 'Millet, raw', and matching edible-portion basis — not human-verified, so capped below 'exact'",random_sample,approve,"Millet, raw",,category_estimate,Paul S,16/08/2026,"Specific millet species vs a generic millet candidate -- standard species-collapse caveat, reasonable category estimate."
01050162:PHYTCPPI,"Pearl millet flour, Dembi, whole seed, cooked, dried",PHYTCPPI,676.4296099999999,"Egg, whole, cooked, fried",sr_legacy_food,category_proxy,0.65,weak name match (confidence 0.65) taken as a coarse stand-in only,random_sample,reject,,"Millet flour (a plant product) vs EGG (an animal product, fried) -- wrong category entirely, likely a ""whole""/""cooked"" generic-word-overlap glitch.",,Paul S,16/08/2026,
01050188:PHYTCPP,"Pearl millet, Gampela, yellow, raw",PHYTCPP,609.7,"Peaches, yellow, raw",foundation_food,regional_equivalent,0.65,"name match with preparation state 'raw' confirmed present in 'Peaches, yellow, raw', and matching edible-portion basis — not human-verified, so capped below 'exact'",random_sample,reject,,"Pearl millet (a grain) vs PEACHES (a fruit) -- wrong category, coincidental ""yellow"" color word.",,Paul S,16/08/2026,
01060036:IP6,"Barley, dried",IP6,175.76399999999998,"Barley, hulled",sr_legacy_food,category_proxy,0.65,weak name match (confidence 0.65) taken as a coarse stand-in only,random_sample,approve,"Barley, hulled",,category_estimate,Paul S,16/08/2026,"""Dried"" (unspecified milling) vs HULLED (husk removed, bran retained) -- hulled barley is a common, minimally-processed form; less concerning than the pearled-barley cases above."
01060050:IP3,"Barley, Sunnita, raw",IP3,19.383,"Barley, pearled, raw",sr_legacy_food,regional_equivalent,0.65,"name match with preparation state 'raw' confirmed present in 'Barley, pearled, raw', and matching edible-portion basis — not human-verified, so capped below 'exact'",random_sample,reject,,"Same pearled-barley milling-degree concern as the Sunnita-irradiated rows above -- ""raw"" doesn't confirm pearled state.",,Paul S,16/08/2026,
01060071:IP6,"Bread, mixed flour, wheat and rye",IP6,112.2,"Wheat flour, white, bread, enriched",sr_legacy_food,category_proxy,0.65,weak name match (confidence 0.65) taken as a coarse stand-in only,random_sample,reject,,"BREAD vs FLOUR (wrong product form), missing the rye component entirely, and the wrong specific type (white vs the source's wheat+rye mix) -- multiple compounding mismatches.",,Paul S,16/08/2026,
01060112:PHYTCPPD,"Buckwheat, broken whole grain, dried",PHYTCPPD,1818.0,"Buckwheat, whole grain",foundation_food,category_proxy,0.65,weak name match (confidence 0.65) taken as a coarse stand-in only,random_sample,approve,"Buckwheat, whole grain",,category_estimate,Paul S,16/08/2026,"""Broken"" physical-form detail not captured, otherwise a good match."
01060206:IP6,"Porridge formula, oatmeal, commercial, ""Ahaa"" small flakes",IP6,567.6,"Cookies, oatmeal, commercially prepared, regular",sr_legacy_food,category_proxy,0.65,weak name match (confidence 0.65) taken as a coarse stand-in only,random_sample,reject,,A porridge FORMULA (a liquid/semi-liquid cereal product) vs COOKIES (a baked snack) -- wrong product form entirely.,,Paul S,16/08/2026,
02010034:PHYTCPPI,"Potato, white skin and flesh, raw, peeled",PHYTCPPI,6.9373320000000005,"Potatoes, white, flesh and skin, raw",sr_legacy_food,regional_equivalent,0.65,"name match with preparation state 'raw' confirmed present in 'Potatoes, white, flesh and skin, raw', and matching edible-portion basis — not human-verified, so capped below 'exact'",random_sample,reject,,"Source is explicitly PEELED (skin removed); candidate is explicitly ""flesh AND skin"" (skin included) -- directly contradictory, and skin has different phytate content than flesh.",,Paul S,16/08/2026,
02040015:IP6,"Yam, raw",IP6,46.0,"Yam, raw",sr_legacy_food,regional_equivalent,0.85,"name match with preparation state 'raw' confirmed present in 'Yam, raw', and matching edible-portion basis — not human-verified, so capped below 'exact'",random_sample,approve,"Yam, raw",,category_estimate,Paul S,16/08/2026,Exact match.
02050008:PHYTCPP,"Beet root, raw",PHYTCPP,12.68,"Beets, raw",foundation_food,regional_equivalent,0.65,"name match with preparation state 'raw' confirmed present in 'Beets, raw', and matching edible-portion basis — not human-verified, so capped below 'exact'",random_sample,approve,"Beets, raw",,category_estimate,Paul S,16/08/2026,Clean match.
02060011:PHYTCPP,"Plantain, ripe, boiled",PHYTCPP,0.0,"Plantains, green, boiled",sr_legacy_food,category_proxy,0.65,weak name match (confidence 0.65) taken as a coarse stand-in only,random_sample,reject,,"RIPE (high-sugar) vs GREEN/unripe (starchy) plantain -- ripening significantly changes composition, a real mismatch not just wording.",,Paul S,16/08/2026,
03010018:PHYTC-,"African oil bean, seed, cooked, oven-dried",PHYTC-,288.672,"Mung beans, mature seeds, sprouted, cooked, stir-fried",sr_legacy_food,category_proxy,0.65,weak name match (confidence 0.65) taken as a coarse stand-in only,random_sample,reject,,"African oil bean vs MUNG BEANS (a different species, sprouted, stir-fried) -- wrong species and wrong prep method (oven-dried vs stir-fried) entirely.",,Paul S,16/08/2026,
03010032:PHYTCPPI,"Bambara groundnut, raw",PHYTCPPI,1379.1139500000002,"Lamb, ground, raw",foundation_food,regional_equivalent,0.65,"name match with preparation state 'raw' confirmed present in 'Lamb, ground, raw', and matching edible-portion basis — not human-verified, so capped below 'exact'",random_sample,reject,,"Bambara groundnut (a legume) vs LAMB (ground meat, an animal product) -- wrong category entirely, coincidental ""ground(nut)""/""ground (lamb)"" word overlap.",,Paul S,16/08/2026,
03010033:PHYT-,"Bambara groundnut, raw",PHYT-,319.55,"Lamb, ground, raw",foundation_food,regional_equivalent,0.65,"name match with preparation state 'raw' confirmed present in 'Lamb, ground, raw', and matching edible-portion basis — not human-verified, so capped below 'exact'",random_sample,reject,,"Bambara groundnut (a legume) vs LAMB (ground meat, an animal product) -- wrong category entirely, coincidental ""ground(nut)""/""ground (lamb)"" word overlap.",,Paul S,16/08/2026,
03010037:PHYTCPPD,"Bambara groundnut, seed, boiled for 60 min, dried",PHYTCPPD,8.30676,"Seeds, breadnut tree seeds, dried",sr_legacy_food,category_proxy,0.65,weak name match (confidence 0.65) taken as a coarse stand-in only,random_sample,reject,,"Bambara groundnut vs breadnut tree seeds -- different species, generic ""seeds...dried"" coincidence.",,Paul S,16/08/2026,
03010040:IP6,"Bambara groundnut, seed, red, raw",IP6,202.18,"Grapes, red, seedless, raw",foundation_food,regional_equivalent,0.65,"name match with preparation state 'raw' confirmed present in 'Grapes, red, seedless, raw', and matching edible-portion basis — not human-verified, so capped below 'exact'",random_sample,reject,,"A legume seed vs GRAPES (a fruit) -- wrong category, coincidental ""red"" color word.",,Paul S,16/08/2026,
03010069:PHYTCPP,"Bean, 'Vigna luteola', TVnu 29, Brown, seed, raw",PHYTCPP,665.0,"Broadbeans (fava beans), mature seeds, raw",sr_legacy_food,regional_equivalent,0.65,"name match with preparation state 'raw' confirmed present in 'Broadbeans (fava beans), mature seeds, raw', and matching edible-portion basis — not human-verified, so capped below 'exact'",random_sample,reject,,Vigna luteola (a wild legume) vs fava bean (Vicia faba) -- different species/genus entirely.,,Paul S,16/08/2026,
03010176:IP5,"Chickpea, var. Sinaloa, seed, raw",IP5,168.0,"Chia seeds, dry, raw",foundation_food,regional_equivalent,0.65,"name match with preparation state 'raw' confirmed present in 'Chia seeds, dry, raw', and matching edible-portion basis — not human-verified, so capped below 'exact'",random_sample,reject,,"Chickpea vs CHIA SEEDS -- wrong species entirely, an established garbage-bucket pattern from earlier in this review.",,Paul S,16/08/2026,
03010237:IP3,"Common bean, Pink-mottled cream, seed, raw",IP3,16.0,"Beans, pink, mature seeds, raw",sr_legacy_food,regional_equivalent,0.65,"name match with preparation state 'raw' confirmed present in 'Beans, pink, mature seeds, raw', and matching edible-portion basis — not human-verified, so capped below 'exact'",random_sample,approve,"Beans, pink, mature seeds, raw",,category_estimate,Paul S,16/08/2026,"Same species (Phaseolus vulgaris) as the named candidate -- cultivar specificity not preserved, standard category-estimate caveat."
03010306:PHYTCPPI,"Cowpea, brown cowpea, GC-89691, raw",PHYTCPPI,822.9242999999999,"Cowpeas, leafy tips, raw",sr_legacy_food,regional_equivalent,0.65,"name match with preparation state 'raw' confirmed present in 'Cowpeas, leafy tips, raw', and matching edible-portion basis — not human-verified, so capped below 'exact'",random_sample,reject,,"Mature cowpea seeds vs LEAFY TIPS -- wrong plant part, same established pattern as the CL367 germination rows above.",,Paul S,16/08/2026,
03010307:PHYTCPP,"Cowpea, brown, raw",PHYTCPP,550.0,"Cowpeas, leafy tips, raw",sr_legacy_food,regional_equivalent,0.65,"name match with preparation state 'raw' confirmed present in 'Cowpeas, leafy tips, raw', and matching edible-portion basis — not human-verified, so capped below 'exact'",random_sample,reject,,Same wrong-plant-part mismatch.,,Paul S,16/08/2026,
03010360:PHYTCPP,"Cowpea, Togovi, wrinkled, unpigmented, raw",PHYTCPP,866.25,"Cowpeas, leafy tips, raw",sr_legacy_food,regional_equivalent,0.65,"name match with preparation state 'raw' confirmed present in 'Cowpeas, leafy tips, raw', and matching edible-portion basis — not human-verified, so capped below 'exact'",random_sample,reject,,Same wrong-plant-part mismatch.,,Paul S,16/08/2026,
03010421:PHYTCPP,"Faba bean, Vesuvio, whole seed, raw",PHYTCPP,771.42,"Beans, white, mature seeds, raw",sr_legacy_food,regional_equivalent,0.65,"name match with preparation state 'raw' confirmed present in 'Beans, white, mature seeds, raw', and matching edible-portion basis — not human-verified, so capped below 'exact'",random_sample,reject,,"Faba bean (Vicia faba) vs generic ""white beans"" (typically Phaseolus vulgaris) -- likely different species, same faba-bean-species-mismatch caution established throughout this review.",,Paul S,16/08/2026,
03010438:PHYTCPP,"Field bean, brown, raw",PHYTCPP,773.0,"Yardlong bean, raw",sr_legacy_food,regional_equivalent,0.65,"name match with preparation state 'raw' confirmed present in 'Yardlong bean, raw', and matching edible-portion basis — not human-verified, so capped below 'exact'",random_sample,reject,,"""Field bean"" vs YARDLONG BEAN (a cowpea relative) -- likely different species, same compound ""X bean"" caution as elsewhere in this review.",,Paul S,16/08/2026,
03010558:PHYTCPPD,"Mung bean, MH 125, raw",PHYTCPPD,665.742,"Mung beans, mature seeds, raw",sr_legacy_food,regional_equivalent,0.65,"name match with preparation state 'raw' confirmed present in 'Mung beans, mature seeds, raw', and matching edible-portion basis — not human-verified, so capped below 'exact'",random_sample,approve,"Mung beans, mature seeds, raw",,category_estimate,Paul S,16/08/2026,"Cultivar-specific source, reasonable generic mung-bean category estimate."
03010596:PHYTC-,"Pea, Agra, dried",PHYTC-,1024.914,"Pepeao, dried",sr_legacy_food,regional_equivalent,0.65,"name match with preparation state 'dried' confirmed present in 'Pepeao, dried', and matching edible-portion basis — not human-verified, so capped below 'exact'",random_sample,reject,,Pea vs a wood-ear mushroom -- established coincidence-trap pattern.,,Paul S,16/08/2026,
03010602:IP4,"Pea, dried",IP4,34.952,"Pepeao, dried",sr_legacy_food,regional_equivalent,0.65,"name match with preparation state 'dried' confirmed present in 'Pepeao, dried', and matching edible-portion basis — not human-verified, so capped below 'exact'",random_sample,reject,,Same mismatch.,,Paul S,16/08/2026,
03010603:PHYTCPP,"Pea, dried",PHYTCPP,413.0,"Pepeao, dried",sr_legacy_food,regional_equivalent,0.65,"name match with preparation state 'dried' confirmed present in 'Pepeao, dried', and matching edible-portion basis — not human-verified, so capped below 'exact'",random_sample,reject,,Same mismatch.,,Paul S,16/08/2026,
03010612:PHYTC-,"Pea, Karat, dried",PHYTC-,675.7128,"Pepeao, dried",sr_legacy_food,regional_equivalent,0.65,"name match with preparation state 'dried' confirmed present in 'Pepeao, dried', and matching edible-portion basis — not human-verified, so capped below 'exact'",random_sample,reject,,Same mismatch.,,Paul S,16/08/2026,
03010632:PHYTCPP,"Rajmah, black, raw",PHYTCPP,470.0,"Blackberries, raw",sr_legacy_food,regional_equivalent,0.65,"name match with preparation state 'raw' confirmed present in 'Blackberries, raw', and matching edible-portion basis — not human-verified, so capped below 'exact'",random_sample,reject,,"""Rajmah"" (Hindi for kidney bean) vs BLACKBERRIES -- wrong category entirely, coincidental ""black"" color word.",,Paul S,16/08/2026,
03010636:PHYTCPP,"Red gram, raw",PHYTCPP,14.91,"Grapes, red, seedless, raw",foundation_food,regional_equivalent,0.65,"name match with preparation state 'raw' confirmed present in 'Grapes, red, seedless, raw', and matching edible-portion basis — not human-verified, so capped below 'exact'",random_sample,reject,,"""Red gram"" (pigeon pea) vs GRAPES -- wrong category, coincidental ""red"" color word.",,Paul S,16/08/2026,
03010688:PHYTCPPD,"Stink bean, raw",PHYTCPPD,1647.76,"Yardlong bean, raw",sr_legacy_food,regional_equivalent,0.65,"name match with preparation state 'raw' confirmed present in 'Yardlong bean, raw', and matching edible-portion basis — not human-verified, so capped below 'exact'",random_sample,reject,,Stink bean (Parkia speciosa) vs yardlong bean (Vigna unguiculata) -- different species.,,Paul S,16/08/2026,
03020019:PHYTC-,Soybean flour,PHYTC-,763.6,"Soy flour, low-fat",sr_legacy_food,category_proxy,0.65,weak name match (confidence 0.65) taken as a coarse stand-in only,random_sample,reject,,"Plain ""Soybean flour"" (fat content unspecified, standard/full-fat assumed by default) matched to LOW-FAT specifically -- an unconfirmed, compositionally meaningful assumption.",,Paul S,16/08/2026,
03020020:IP6,Soybean flour,IP6,168.165,"Soy flour, low-fat",sr_legacy_food,category_proxy,0.65,weak name match (confidence 0.65) taken as a coarse stand-in only,random_sample,reject,,"Plain ""Soybean flour"" (fat content unspecified, standard/full-fat assumed by default) matched to LOW-FAT specifically -- an unconfirmed, compositionally meaningful assumption.",,Paul S,16/08/2026,
03020044:IP6,"Soybean, Dekabig, raw",IP6,1068.528,"Soybeans, green, raw",sr_legacy_food,regional_equivalent,0.65,"name match with preparation state 'raw' confirmed present in 'Soybeans, green, raw', and matching edible-portion basis — not human-verified, so capped below 'exact'",random_sample,reject,,"Source doesn't specify ""green""/immature soybeans; candidate assumes that maturity stage, which has very different composition from mature dry soybean -- an unconfirmed assumption.",,Paul S,16/08/2026,
03020155:IP5_A_IP6,Tempeh,IP5_A_IP6,122.60999999999999,Tempeh,sr_legacy_food,close_analogue,0.85,"name-matched at confidence 0.85, but preparation state/moisture basis alignment could not be confirmed automatically",random_sample,approve,Tempeh,,category_estimate,Paul S,16/08/2026,Exact match.
03020159:IP5,"Tofu, boiled",IP5,5.016000000000002,"Tofu, fried",sr_legacy_food,category_proxy,0.65,weak name match (confidence 0.65) taken as a coarse stand-in only,random_sample,reject,,"BOILED vs FRIED -- different cooking method, frying adds oil and meaningfully changes composition.",,Paul S,16/08/2026,
03020165:IP5,"Tofu, fried",IP5,17.178,"Tofu, fried",sr_legacy_food,close_analogue,0.85,"name-matched at confidence 0.85, but preparation state/moisture basis alignment could not be confirmed automatically",random_sample,approve,"Tofu, fried",,category_estimate,Paul S,16/08/2026,Exact match.
03020165:IP5_A_IP6,"Tofu, fried",IP5_A_IP6,318.202,"Tofu, fried",sr_legacy_food,close_analogue,0.85,"name-matched at confidence 0.85, but preparation state/moisture basis alignment could not be confirmed automatically",random_sample,approve,"Tofu, fried",,category_estimate,Paul S,16/08/2026,Exact match.
04010005:PHYTC-,"Alligator weed, leaves, raw",PHYTC-,228.0,"Fireweed, leaves, raw",sr_legacy_food,regional_equivalent,0.65,"name match with preparation state 'raw' confirmed present in 'Fireweed, leaves, raw', and matching edible-portion basis — not human-verified, so capped below 'exact'",random_sample,reject,,"Alligator weed (Alternanthera philoxeroides) vs Fireweed -- different species, same ""leaves, raw"" coincidence-trap mechanism established elsewhere in this review.",,Paul S,16/08/2026,
04010009:PHYT-,"Amaranth globe, AKS-33-EKPENE EDIENE x ABS-38-AWKA, raw",PHYT-,2.385,"Amaranth leaves, raw",sr_legacy_food,regional_equivalent,0.65,"name match with preparation state 'raw' confirmed present in 'Amaranth leaves, raw', and matching edible-portion basis — not human-verified, so capped below 'exact'",random_sample,reject,,Source is a grain-amaranth breeding-line cross (seed research); candidate is the LEAVES entry -- wrong plant part (grain and leaf use of amaranth are different products).,,Paul S,16/08/2026,
04010015:PHYT-,"Amaranth globe, EBS-15-NKALAGU x AKS-33-EKPENE EDIENE, raw",PHYT-,2.0239999999999996,"Amaranth leaves, raw",sr_legacy_food,regional_equivalent,0.65,"name match with preparation state 'raw' confirmed present in 'Amaranth leaves, raw', and matching edible-portion basis — not human-verified, so capped below 'exact'",random_sample,reject,,Same wrong-plant-part mismatch as the other Amaranth globe crosses.,,Paul S,16/08/2026,
04010017:PHYT-,"Amaranth globe, EBS-15-NKALAGU x IMS-20-NJIABA, raw",PHYT-,2.4845999999999995,"Amaranth leaves, raw",sr_legacy_food,regional_equivalent,0.65,"name match with preparation state 'raw' confirmed present in 'Amaranth leaves, raw', and matching edible-portion basis — not human-verified, so capped below 'exact'",random_sample,reject,,Same mismatch.,,Paul S,16/08/2026,
04010020:PHYT-,"Amaranth globe, ENS-08-MBU x ABS-38-AWKA, dried",PHYT-,4.692,"Amaranth grain, cooked",sr_legacy_food,category_proxy,0.65,weak name match (confidence 0.65) taken as a coarse stand-in only,random_sample,reject,,"DRIED vs COOKED -- prep-state mismatch (this one at least matches the correct plant part, grain not leaves).",,Paul S,16/08/2026,
04010023:PHYT-,"Amaranth globe, ENS-08-MBU x AKS-33-EKPENE EDIENE, raw",PHYT-,1.8785000000000003,"Amaranth leaves, raw",sr_legacy_food,regional_equivalent,0.65,"name match with preparation state 'raw' confirmed present in 'Amaranth leaves, raw', and matching edible-portion basis — not human-verified, so capped below 'exact'",random_sample,reject,,Same wrong-plant-part mismatch as the other Amaranth globe crosses.,,Paul S,16/08/2026,
04010027:PHYT-,"Amaranth globe, ENS-08-MBU x IMS-20-NJIABA, raw",PHYT-,2.244,"Amaranth leaves, raw",sr_legacy_food,regional_equivalent,0.65,"name match with preparation state 'raw' confirmed present in 'Amaranth leaves, raw', and matching edible-portion basis — not human-verified, so capped below 'exact'",random_sample,reject,,Same mismatch.,,Paul S,16/08/2026,
04010036:PHYTCPP,"Amaranth globe, leaves, dried",PHYTCPP,7.8,"Amaranth leaves, raw",sr_legacy_food,category_proxy,0.65,weak name match (confidence 0.65) taken as a coarse stand-in only,random_sample,reject,,"DRIED vs RAW -- prep-state mismatch (correct plant part, leaves, but wrong moisture/processing state).",,Paul S,16/08/2026,
04010038:PHYTCPP,"Amaranth, leaves, green, raw",PHYTCPP,5.42,"Amaranth leaves, raw",sr_legacy_food,regional_equivalent,0.65,"name match with preparation state 'raw' confirmed present in 'Amaranth leaves, raw', and matching edible-portion basis — not human-verified, so capped below 'exact'",random_sample,approve,"Amaranth leaves, raw",,category_estimate,Paul S,16/08/2026,"Color variety not distinguished by the generic candidate -- genuinely leaves-to-leaves, reasonable category estimate."
04010044:PHYTCPP,"Amaranth, leaves, red, raw",PHYTCPP,10.0,"Amaranth leaves, raw",sr_legacy_food,regional_equivalent,0.65,"name match with preparation state 'raw' confirmed present in 'Amaranth leaves, raw', and matching edible-portion basis — not human-verified, so capped below 'exact'",random_sample,approve,"Amaranth leaves, raw",,category_estimate,Paul S,16/08/2026,Same as the green-leaves row.
04010080:PHYTC-,"Buffalo spinach, leaves, raw",PHYTC-,41.4,"Spinach, raw",sr_legacy_food,regional_equivalent,0.65,"name match with preparation state 'raw' confirmed present in 'Spinach, raw', and matching edible-portion basis — not human-verified, so capped below 'exact'",random_sample,reject,,"""Buffalo spinach"" is likely a distinct species from true spinach (Spinacia oleracea) -- same water-spinach-style common-name caution established elsewhere in this review.",,Paul S,16/08/2026,
04010093:IP6,"Cabbage, raw",IP6,1.01,"Cabbage, raw",sr_legacy_food,regional_equivalent,0.85,"name match with preparation state 'raw' confirmed present in 'Cabbage, raw', and matching edible-portion basis — not human-verified, so capped below 'exact'",random_sample,approve,"Cabbage, raw",,category_estimate,Paul S,16/08/2026,Exact match.
04010114:IP6,"Climbing wattle, blanched",IP6,26.0,"Nuts, almonds, blanched",sr_legacy_food,category_proxy,0.65,weak name match (confidence 0.65) taken as a coarse stand-in only,random_sample,reject,,"A wattle-tree seed/pod (Acacia sp.) vs ALMONDS (a completely different tree nut) -- wrong species, coincidental ""blanched"" word overlap.",,Paul S,16/08/2026,
04010135:PHYTCPPI,"Eggplant, leaves, raw",PHYTCPPI,40.4,"Eggplant, raw",foundation_food,regional_equivalent,0.65,"name match with preparation state 'raw' confirmed present in 'Eggplant, raw', and matching edible-portion basis — not human-verified, so capped below 'exact'",random_sample,reject,,"LEAVES specifically vs the eggplant FRUIT (the standard ""Eggplant, raw"" entry) -- wrong plant part.",,Paul S,16/08/2026,
04010146:PHYTCPPI,"Fluted pumpkin, mature plant, leaves, raw",PHYTCPPI,11.931600000000001,"Pumpkin leaves, raw",sr_legacy_food,regional_equivalent,0.65,"name match with preparation state 'raw' confirmed present in 'Pumpkin leaves, raw', and matching edible-portion basis — not human-verified, so capped below 'exact'",random_sample,approve,"Pumpkin leaves, raw",,category_estimate,Paul S,16/08/2026,"Fluted pumpkin leaves are commonly called ""pumpkin leaves"" in West African cuisine -- correct plant part (leaves-to-leaves), reasonable category match."
04010166:PHYTCPP,"Knol-khol, raw",PHYTCPP,9.81,"Kale, raw",foundation_food,regional_equivalent,0.65,"name match with preparation state 'raw' confirmed present in 'Kale, raw', and matching edible-portion basis — not human-verified, so capped below 'exact'",random_sample,reject,,"""Knol-khol"" (kohlrabi, a swollen stem vegetable) vs KALE (a leafy green) -- different plant part/product despite both being Brassica.",,Paul S,16/08/2026,
04010174:PHYTCPPD,"Malabar spinach, leaves, raw",PHYTCPPD,0.84,"Malabar spinach, cooked",sr_legacy_food,category_proxy,0.65,weak name match (confidence 0.65) taken as a coarse stand-in only,random_sample,reject,,RAW vs COOKED -- established significant prep-state mismatch precedent.,,Paul S,16/08/2026,
04010209:PHYTCPP,"Pumpkin, leaves, tender, raw",PHYTCPP,38.27,"Pumpkin leaves, raw",sr_legacy_food,regional_equivalent,0.65,"name match with preparation state 'raw' confirmed present in 'Pumpkin leaves, raw', and matching edible-portion basis — not human-verified, so capped below 'exact'",random_sample,approve,"Pumpkin leaves, raw",,category_estimate,Paul S,16/08/2026,Good match.
04010219:IP5,"Sesbania, raw",IP5,1.0,"Sesbania flower, raw",sr_legacy_food,regional_equivalent,0.65,"name match with preparation state 'raw' confirmed present in 'Sesbania flower, raw', and matching edible-portion basis — not human-verified, so capped below 'exact'",random_sample,reject,,"Source doesn't specify plant part; candidate assumes specifically the FLOWER -- Sesbania flowers, leaves, and pods are all eaten in different cuisines, an unconfirmed part assumption.",,Paul S,16/08/2026,
04010220:IP6,"Sesbania, yellow, blanched",IP6,3.0,"Sesbania flower, raw",sr_legacy_food,category_proxy,0.65,weak name match (confidence 0.65) taken as a coarse stand-in only,random_sample,reject,,"BLANCHED vs RAW prep mismatch, plus the same unconfirmed-plant-part issue as the row above.",,Paul S,16/08/2026,
04010229:PHYTCPP,"Spinach, raw",PHYTCPP,12.01,"Spinach, raw",sr_legacy_food,regional_equivalent,0.85,"name match with preparation state 'raw' confirmed present in 'Spinach, raw', and matching edible-portion basis — not human-verified, so capped below 'exact'",random_sample,approve,"Spinach, raw",,category_estimate,Paul S,16/08/2026,Exact match.
04010252:IP5,"Water spinach, leaves, raw",IP5,0.20879999999999999,"Spinach, raw",sr_legacy_food,regional_equivalent,0.65,"name match with preparation state 'raw' confirmed present in 'Spinach, raw', and matching edible-portion basis — not human-verified, so capped below 'exact'",random_sample,reject,,Water spinach (Ipomoea aquatica) and true spinach (Spinacia oleracea) are different plant families -- established species-mismatch pattern.,,Paul S,16/08/2026,
04020006:PHYTCPP,"Cucumber, orange, round, raw",PHYTCPP,15.8,"Cucumber, peeled, raw",sr_legacy_food,regional_equivalent,0.65,"name match with preparation state 'raw' confirmed present in 'Cucumber, peeled, raw', and matching edible-portion basis — not human-verified, so capped below 'exact'",random_sample,reject,,"Source doesn't mention peeled; candidate adds an unconfirmed ""peeled"" prep state not supported by the source.",,Paul S,16/08/2026,
04030027:PHYTCPP,"Eggplant, Brinjal-1, raw",PHYTCPP,14.63,"Eggplant, raw",foundation_food,regional_equivalent,0.65,"name match with preparation state 'raw' confirmed present in 'Eggplant, raw', and matching edible-portion basis — not human-verified, so capped below 'exact'",random_sample,approve,"Eggplant, raw",,category_estimate,Paul S,16/08/2026,"Cultivar-specific ""Brinjal"" breeding line, reasonable generic eggplant category estimate."
04030030:PHYTCPP,"Eggplant, Brinjal-12, raw",PHYTCPP,13.41,"Eggplant, raw",foundation_food,regional_equivalent,0.65,"name match with preparation state 'raw' confirmed present in 'Eggplant, raw', and matching edible-portion basis — not human-verified, so capped below 'exact'",random_sample,approve,"Eggplant, raw",,category_estimate,Paul S,16/08/2026,Same as the other Brinjal rows.
04030031:PHYTCPP,"Eggplant, Brinjal-13, raw",PHYTCPP,7.0,"Eggplant, raw",foundation_food,regional_equivalent,0.65,"name match with preparation state 'raw' confirmed present in 'Eggplant, raw', and matching edible-portion basis — not human-verified, so capped below 'exact'",random_sample,approve,"Eggplant, raw",,category_estimate,Paul S,16/08/2026,Same as the other Brinjal rows.
04030032:PHYTCPP,"Eggplant, Brinjal-14, raw",PHYTCPP,15.75,"Eggplant, raw",foundation_food,regional_equivalent,0.65,"name match with preparation state 'raw' confirmed present in 'Eggplant, raw', and matching edible-portion basis — not human-verified, so capped below 'exact'",random_sample,approve,"Eggplant, raw",,category_estimate,Paul S,16/08/2026,Same as the other Brinjal rows.
04030040:PHYTCPP,"Eggplant, Brinjal-21, raw",PHYTCPP,8.24,"Eggplant, raw",sr_legacy_food,regional_equivalent,0.65,"name match with preparation state 'raw' confirmed present in 'Eggplant, raw', and matching edible-portion basis — not human-verified, so capped below 'exact'",random_sample,approve,"Eggplant, raw",,category_estimate,Paul S,16/08/2026,Same as the other Brinjal rows.
04030044:PHYTCPP,"Eggplant, Brinjal-6, raw",PHYTCPP,9.51,"Eggplant, raw",sr_legacy_food,regional_equivalent,0.65,"name match with preparation state 'raw' confirmed present in 'Eggplant, raw', and matching edible-portion basis — not human-verified, so capped below 'exact'",random_sample,approve,"Eggplant, raw",,category_estimate,Paul S,16/08/2026,Same as the other Brinjal rows.
04030045:PHYTCPP,"Eggplant, Brinjal-7, raw",PHYTCPP,18.39,"Eggplant, raw",sr_legacy_food,regional_equivalent,0.65,"name match with preparation state 'raw' confirmed present in 'Eggplant, raw', and matching edible-portion basis — not human-verified, so capped below 'exact'",random_sample,approve,"Eggplant, raw",,category_estimate,Paul S,16/08/2026,Same as the other Brinjal rows.
04030046:PHYTCPP,"Eggplant, Brinjal-8, raw",PHYTCPP,11.29,"Eggplant, raw",foundation_food,regional_equivalent,0.65,"name match with preparation state 'raw' confirmed present in 'Eggplant, raw', and matching edible-portion basis — not human-verified, so capped below 'exact'",random_sample,approve,"Eggplant, raw",,category_estimate,Paul S,16/08/2026,Same as the other Brinjal rows.
04030094:PHYTCPP,"Pumpkin, green, cylindrical, raw",PHYTCPP,22.51,"Pumpkin, raw",sr_legacy_food,regional_equivalent,0.65,"name match with preparation state 'raw' confirmed present in 'Pumpkin, raw', and matching edible-portion basis — not human-verified, so capped below 'exact'",random_sample,approve,"Pumpkin, raw",,category_estimate,Paul S,16/08/2026,"Variety-specific detail not captured, reasonable generic pumpkin category estimate."
05010037:PHYTCPPD,"Pawpaw, ripe, yellow, waxed, 4 days stored, raw",PHYTCPPD,77.74499999999999,"Peaches, yellow, raw",foundation_food,category_proxy,0.65,weak name match (confidence 0.65) taken as a coarse stand-in only,random_sample,reject,,"""Pawpaw"" (usually meaning papaya, or Asimina triloba in North America) vs PEACHES -- wrong species regardless of which ""pawpaw"" is meant, coincidental ""yellow"" color word.",,Paul S,16/08/2026,
05010040:PHYTCPPD,"Pawpaw, ripe, yellow, waxed, raw",PHYTCPPD,179.828,"Peaches, yellow, raw",foundation_food,regional_equivalent,0.65,"name match with preparation state 'raw' confirmed present in 'Peaches, yellow, raw', and matching edible-portion basis — not human-verified, so capped below 'exact'",random_sample,reject,,Same pawpaw/peach mismatch.,,Paul S,16/08/2026,
05010042:PHYTCPP,"Pineapple, raw",PHYTCPP,8.59,"Pineapple, raw, all varieties",sr_legacy_food,regional_equivalent,0.85,"name match with preparation state 'raw' confirmed present in 'Pineapple, raw, all varieties', and matching edible-portion basis — not human-verified, so capped below 'exact'",random_sample,approve,"Pineapple, raw, all varieties",,category_estimate,Paul S,16/08/2026,Excellent match.
05020033:PHYTCPP,"Grapes, seeded, round, black, raw",PHYTCPP,1.52,"Grapes, red, seedless, raw",foundation_food,regional_equivalent,0.65,"name match with preparation state 'raw' confirmed present in 'Grapes, red, seedless, raw', and matching edible-portion basis — not human-verified, so capped below 'exact'",random_sample,reject,,Source is explicitly SEEDED and BLACK; candidate is explicitly SEEDLESS and RED -- two direct contradictions.,,Paul S,16/08/2026,
05020038:PHYTCPP,"Grapes, seedless, round, green, raw",PHYTCPP,0.85,"Grapes, green, seedless, raw",foundation_food,regional_equivalent,0.65,"name match with preparation state 'raw' confirmed present in 'Grapes, green, seedless, raw', and matching edible-portion basis — not human-verified, so capped below 'exact'",random_sample,approve,"Grapes, green, seedless, raw",,category_estimate,Paul S,16/08/2026,Excellent match.
05020054:PHYTCPPI,"Mango, unripe, raw",PHYTCPPI,30.0,"Mangos, raw",sr_legacy_food,regional_equivalent,0.65,"name match with preparation state 'raw' confirmed present in 'Mangos, raw', and matching edible-portion basis — not human-verified, so capped below 'exact'",random_sample,approve,"Mangos, raw",,category_estimate,Paul S,16/08/2026,"Ripeness stage (unripe) not captured, but no better candidate is evident -- reasonable default with that caveat."
05020055:PHYTCPP,"Manila tamarind, raw",PHYTCPP,22.55,"Tamarinds, raw",sr_legacy_food,regional_equivalent,0.65,"name match with preparation state 'raw' confirmed present in 'Tamarinds, raw', and matching edible-portion basis — not human-verified, so capped below 'exact'",random_sample,reject,,"""Manila tamarind"" (Pithecellobium dulce) is a different species from true tamarind (Tamarindus indica) despite the shared name -- established false-cognate pattern.",,Paul S,16/08/2026,
05020059:PHYTCPP,"Plum, raw",PHYTCPP,3.81,"Plums, raw",sr_legacy_food,regional_equivalent,0.65,"name match with preparation state 'raw' confirmed present in 'Plums, raw', and matching edible-portion basis — not human-verified, so capped below 'exact'",random_sample,approve,"Plums, raw",,category_estimate,Paul S,16/08/2026,Exact match.
05020077:PHYTCPPI,"Watermelon (tinda), raw",PHYTCPPI,3.9,"Watermelon, raw",sr_legacy_food,regional_equivalent,0.65,"name match with preparation state 'raw' confirmed present in 'Watermelon, raw', and matching edible-portion basis — not human-verified, so capped below 'exact'",random_sample,reject,,"""Tinda"" is a different vegetable (Praecitrullus fistulosus, Indian round gourd) from watermelon -- the source's own ""(tinda)"" parenthetical looks like a labeling issue, but matching to actual watermelon would misrepresent this gourd's composition either way.",,Paul S,16/08/2026,
06010084:PHYTCPPD,"Jakfruit, seed",PHYTCPPD,106.0,"Jackfruit, raw",sr_legacy_food,regional_equivalent,0.65,"name match with preparation state 'raw' confirmed present in 'Jackfruit, raw', and matching edible-portion basis — not human-verified, so capped below 'exact'",random_sample,reject,,"Source specifically says SEED (jackfruit seeds are a distinct food product); candidate is the general ""Jackfruit, raw"" entry (typically the flesh) -- wrong plant part.",,Paul S,16/08/2026,
06010100:PHYTCPPD,"Mangrove swaps, seed, dehulled, dried",PHYTCPPD,4.9334,"Mango, dried, sweetened",sr_legacy_food,category_proxy,0.65,weak name match (confidence 0.65) taken as a coarse stand-in only,random_sample,reject,,"A mangrove-associated plant's seed vs MANGO fruit -- wrong category, coincidental ""mang-"" prefix and ""dried"" word.",,Paul S,16/08/2026,
06010154:PHYTCPP,"Pistachio, raw",PHYTCPP,808.0,"Nuts, pistachio nuts, raw",sr_legacy_food,regional_equivalent,0.65,"name match with preparation state 'raw' confirmed present in 'Nuts, pistachio nuts, raw', and matching edible-portion basis — not human-verified, so capped below 'exact'",random_sample,approve,"Nuts, pistachio nuts, raw",,category_estimate,Paul S,16/08/2026,Clean match.
06010164:IP5_A_IP6,"Sesame seed, whole, raw",IP5_A_IP6,1525.0,"Seeds, sesame seeds, whole, dried",sr_legacy_food,category_proxy,0.65,weak name match (confidence 0.65) taken as a coarse stand-in only,random_sample,approve,"Seeds, sesame seeds, whole, dried",,category_estimate,Paul S,16/08/2026,"Sesame seeds are naturally sold in a dried state (not usually available ""fresh"" commercially) -- ""dried"" here likely describes the default state rather than an added process, unlike fruit dehydration."
08010001:PHYTCPPI,"Ant, raw",PHYTCPPI,50.487750000000005,"Eggplant, raw",foundation_food,regional_equivalent,0.65,"name match with preparation state 'raw' confirmed present in 'Eggplant, raw', and matching edible-portion basis — not human-verified, so capped below 'exact'",random_sample,reject,,"ANT (an insect) vs EGGPLANT (a vegetable) -- wrong category entirely, no evident textual justification.",,Paul S,16/08/2026,
08010003:PHYTCPPI,"Locust, boiled",PHYTCPPI,350.0,"Chicken, feet, boiled",sr_legacy_food,category_proxy,0.65,weak name match (confidence 0.65) taken as a coarse stand-in only,random_sample,reject,,"LOCUST (an insect) vs CHICKEN FEET (a real animal product) -- wrong category, coincidental ""boiled"" word.",,Paul S,16/08/2026,
14030001:PHYTCPPD,"Breakfast bar, with nuts",PHYTCPPD,386.0,"Breakfast bar, corn flake crust with fruit",sr_legacy_food,category_proxy,0.65,weak name match (confidence 0.65) taken as a coarse stand-in only,random_sample,reject,,"""With nuts"" vs ""corn flake crust with fruit"" -- a different specific product (nuts vs fruit/cornflake-crust variant), meaningful compositional mismatch.",,Paul S,16/08/2026,
15010055:PHYTCPP,"Garlic, big clove, raw",PHYTCPP,36.55,"Garlic, raw",foundation_food,regional_equivalent,0.65,"name match with preparation state 'raw' confirmed present in 'Garlic, raw', and matching edible-portion basis — not human-verified, so capped below 'exact'",random_sample,approve,"Garlic, raw",,category_estimate,Paul S,16/08/2026,Clean match.
15010058:PHYTCPP,"Garlic, Kashmir, single clove, raw",PHYTCPP,31.95,"Garlic, raw",foundation_food,regional_equivalent,0.65,"name match with preparation state 'raw' confirmed present in 'Garlic, raw', and matching edible-portion basis — not human-verified, so capped below 'exact'",random_sample,approve,"Garlic, raw",,category_estimate,Paul S,16/08/2026,Clean match.
15010065:PHYTCPP,"Indian pennywort, raw",PHYTCPP,3.0,"Squash, Indian, raw (Navajo)",sr_legacy_food,regional_equivalent,0.65,"name match with preparation state 'raw' confirmed present in 'Squash, Indian, raw (Navajo)', and matching edible-portion basis — not human-verified, so capped below 'exact'",random_sample,reject,,"Indian pennywort (Centella asiatica, an herb) vs SQUASH (Navajo squash) -- wrong category, coincidental ""Indian"" word.",,Paul S,16/08/2026,
16010037:IP5_A_IP6,"Infant flour, cereal-based, commercially produced, fortified",IP5_A_IP6,313.308,"Babyfood, cereal, barley, dry fortified",sr_legacy_food,close_analogue,0.7,"name-matched at confidence 0.70, but preparation state/moisture basis alignment could not be confirmed automatically",random_sample,replace,"Babyfood, cereal, mixed, dry fortified",,category_estimate,Paul S,16/08/2026,Source does not state a grain; candidate defaults to barley -- same arbitrary-grain-assignment issue found and fixed in review_5_infant_flour_cluster.csv for the needs_review rows with this identical description. Replaced with the mixed-grain generic for consistency.
16010039:IP5_A_IP6,"Infant flour, cereal-based, commercially produced, fortified",IP5_A_IP6,493.506,"Babyfood, cereal, barley, dry fortified",sr_legacy_food,close_analogue,0.7,"name-matched at confidence 0.70, but preparation state/moisture basis alignment could not be confirmed automatically",random_sample,replace,"Babyfood, cereal, mixed, dry fortified",,category_estimate,Paul S,16/08/2026,Source does not state a grain; candidate defaults to barley -- same arbitrary-grain-assignment issue found and fixed in review_5_infant_flour_cluster.csv for the needs_review rows with this identical description. Replaced with the mixed-grain generic for consistency.
16010049:IP5_A_IP6,"Infant flour, cereal-based, commercially produced, fortified",IP5_A_IP6,429.71,"Babyfood, cereal, barley, dry fortified",sr_legacy_food,close_analogue,0.7,"name-matched at confidence 0.70, but preparation state/moisture basis alignment could not be confirmed automatically",random_sample,replace,"Babyfood, cereal, mixed, dry fortified",,category_estimate,Paul S,16/08/2026,Source does not state a grain; candidate defaults to barley -- same arbitrary-grain-assignment issue found and fixed in review_5_infant_flour_cluster.csv for the needs_review rows with this identical description. Replaced with the mixed-grain generic for consistency.
16010069:IP5_A_IP6,"Infant flour, cereal-based, commercially produced, fortified",IP5_A_IP6,179.73,"Babyfood, cereal, barley, dry fortified",sr_legacy_food,close_analogue,0.7,"name-matched at confidence 0.70, but preparation state/moisture basis alignment could not be confirmed automatically",random_sample,replace,"Babyfood, cereal, mixed, dry fortified",,category_estimate,Paul S,16/08/2026,Source does not state a grain; candidate defaults to barley -- same arbitrary-grain-assignment issue found and fixed in review_5_infant_flour_cluster.csv for the needs_review rows with this identical description. Replaced with the mixed-grain generic for consistency.
16010074:IP5_A_IP6,"Infant flour, cereal-based, commercially produced, fortified",IP5_A_IP6,264.6555,"Babyfood, cereal, barley, dry fortified",sr_legacy_food,close_analogue,0.7,"name-matched at confidence 0.70, but preparation state/moisture basis alignment could not be confirmed automatically",random_sample,replace,"Babyfood, cereal, mixed, dry fortified",,category_estimate,Paul S,16/08/2026,Source does not state a grain; candidate defaults to barley -- same arbitrary-grain-assignment issue found and fixed in review_5_infant_flour_cluster.csv for the needs_review rows with this identical description. Replaced with the mixed-grain generic for consistency.
19020006:IP5_A_IP6,"Cassava and plantain, pounded, boiled",IP5_A_IP6,80.0,"Plantains, green, boiled",sr_legacy_food,category_proxy,0.65,weak name match (confidence 0.65) taken as a coarse stand-in only,random_sample,reject,,"Source is a mixed dish (cassava AND plantain, pounded together, like fufu); candidate is plantain only -- missing the cassava component, a major part of the dish, and ""pounded"" prep not captured.",,Paul S,16/08/2026,
