row_identifier,food_description,compound_fraction,value,candidate,candidate_data_type,match_method,rationale,was_in_794_shortlist,known_pattern,review_verdict,approved_fdc_food,rejection_reason,match_scope,reviewer,review_date,review_notes
16010024:PHYTCPPD,Infant flour,PHYTCPPD,123.3,"Flour, 00",foundation_food,fuzzy,"top two name-search candidates ('Flour, 00', 'InfantBrace LLC FLOUR TORTILLAS, FLOUR') are too textually similar to the source description (0.48 vs 0.48 similarity) to place confidently",NO - was in the 1462 spot-sampled-only bucket,,,,,,,,
16010025:PHYTCPPD,"Infant flour, balls",PHYTCPPD,68.0,"Flour, barley",foundation_food,fuzzy,"top two name-search candidates ('Flour, barley', 'InfantBrace LLC FLOUR TORTILLAS, FLOUR') are too textually similar to the source description (0.62 vs 0.53 similarity) to place confidently",YES,,,,,,,,
16010026:IP5,"Infant flour, cereal-based, commercial, fortified",IP5,21.581999999999997,"Babyfood, cereal, barley, dry fortified",sr_legacy_food,fuzzy,"top two name-search candidates ('Babyfood, cereal, barley, dry fortified', 'Babyfood, cereal, rice, dry fortified') are too textually similar to the source description (0.59 vs 0.58 similarity) to place confidently",YES,LIKELY_CORRECT_dry_babyfood_cereal,,,,,,,
16010026:IP6,"Infant flour, cereal-based, commercial, fortified",IP6,266.832,"Babyfood, cereal, barley, dry fortified",sr_legacy_food,fuzzy,"top two name-search candidates ('Babyfood, cereal, barley, dry fortified', 'Babyfood, cereal, rice, dry fortified') are too textually similar to the source description (0.59 vs 0.58 similarity) to place confidently",YES,LIKELY_CORRECT_dry_babyfood_cereal,,,,,,,
16010026:IP5_A_IP6,"Infant flour, cereal-based, commercial, fortified",IP5_A_IP6,288.414,"Babyfood, cereal, barley, dry fortified",sr_legacy_food,fuzzy,"top two name-search candidates ('Babyfood, cereal, barley, dry fortified', 'Babyfood, cereal, rice, dry fortified') are too textually similar to the source description (0.59 vs 0.58 similarity) to place confidently",YES,LIKELY_CORRECT_dry_babyfood_cereal,,,,,,,
16010027:IP5,"Infant flour, cereal-based, commercial, fortified, water-boiled",IP5,2.592000000000001,"Cereals, oats, instant, fortified, plain, prepared with water (boiling water added or microwaved)",sr_legacy_food,fuzzy,"top two name-search candidates ('Cereals, oats, instant, fortified, plain, prepared with water (boiling water added or microwaved)', 'STATER BROS. CREAMY HOT WHEAT FORTIFIED CEREAL') are too textually similar to the source description (0.45 vs 0.44 similarity) to place confidently",NO - was in the 1462 spot-sampled-only bucket,,,,,,,,
16010027:IP6,"Infant flour, cereal-based, commercial, fortified, water-boiled",IP6,28.51200000000001,"Cereals, oats, instant, fortified, plain, prepared with water (boiling water added or microwaved)",sr_legacy_food,fuzzy,"top two name-search candidates ('Cereals, oats, instant, fortified, plain, prepared with water (boiling water added or microwaved)', 'STATER BROS. CREAMY HOT WHEAT FORTIFIED CEREAL') are too textually similar to the source description (0.45 vs 0.44 similarity) to place confidently",NO - was in the 1462 spot-sampled-only bucket,,,,,,,,
16010027:IP5_A_IP6,"Infant flour, cereal-based, commercial, fortified, water-boiled",IP5_A_IP6,31.104000000000013,"Cereals, oats, instant, fortified, plain, prepared with water (boiling water added or microwaved)",sr_legacy_food,fuzzy,"top two name-search candidates ('Cereals, oats, instant, fortified, plain, prepared with water (boiling water added or microwaved)', 'STATER BROS. CREAMY HOT WHEAT FORTIFIED CEREAL') are too textually similar to the source description (0.45 vs 0.44 similarity) to place confidently",NO - was in the 1462 spot-sampled-only bucket,,,,,,,,
16010028:IP5_A_IP6,"Infant flour, cereal-based, commercially produced",IP5_A_IP6,554.094,"Pie, apple, commercially prepared, enriched flour",sr_legacy_food,fuzzy,"top two name-search candidates ('Pie, apple, commercially prepared, enriched flour', 'Pie, apple, commercially prepared, unenriched flour') are too textually similar to the source description (0.47 vs 0.46 similarity) to place confidently",NO - was in the 1462 spot-sampled-only bucket,WRONG_CATEGORY_apple_pie_phrase_magnet,,,,,,,
16010029:IP5_A_IP6,"Infant flour, cereal-based, commercially produced",IP5_A_IP6,482.151,"Pie, apple, commercially prepared, enriched flour",sr_legacy_food,fuzzy,"top two name-search candidates ('Pie, apple, commercially prepared, enriched flour', 'Pie, apple, commercially prepared, unenriched flour') are too textually similar to the source description (0.47 vs 0.46 similarity) to place confidently",NO - was in the 1462 spot-sampled-only bucket,WRONG_CATEGORY_apple_pie_phrase_magnet,,,,,,,
16010030:IP5_A_IP6,"Infant flour, cereal-based, commercially produced",IP5_A_IP6,143.944,"Pie, apple, commercially prepared, enriched flour",sr_legacy_food,fuzzy,"top two name-search candidates ('Pie, apple, commercially prepared, enriched flour', 'Pie, apple, commercially prepared, unenriched flour') are too textually similar to the source description (0.47 vs 0.46 similarity) to place confidently",NO - was in the 1462 spot-sampled-only bucket,WRONG_CATEGORY_apple_pie_phrase_magnet,,,,,,,
16010031:IP5_A_IP6,"Infant flour, cereal-based, commercially produced",IP5_A_IP6,296.866,"Pie, apple, commercially prepared, enriched flour",sr_legacy_food,fuzzy,"top two name-search candidates ('Pie, apple, commercially prepared, enriched flour', 'Pie, apple, commercially prepared, unenriched flour') are too textually similar to the source description (0.47 vs 0.46 similarity) to place confidently",NO - was in the 1462 spot-sampled-only bucket,WRONG_CATEGORY_apple_pie_phrase_magnet,,,,,,,
16010032:IP5_A_IP6,"Infant flour, cereal-based, commercially produced",IP5_A_IP6,432.0,"Pie, apple, commercially prepared, enriched flour",sr_legacy_food,fuzzy,"top two name-search candidates ('Pie, apple, commercially prepared, enriched flour', 'Pie, apple, commercially prepared, unenriched flour') are too textually similar to the source description (0.47 vs 0.46 similarity) to place confidently",NO - was in the 1462 spot-sampled-only bucket,WRONG_CATEGORY_apple_pie_phrase_magnet,,,,,,,
16010033:IP5_A_IP6,"Infant flour, cereal-based, commercially produced",IP5_A_IP6,90.4813,"Pie, apple, commercially prepared, enriched flour",sr_legacy_food,fuzzy,"top two name-search candidates ('Pie, apple, commercially prepared, enriched flour', 'Pie, apple, commercially prepared, unenriched flour') are too textually similar to the source description (0.47 vs 0.46 similarity) to place confidently",NO - was in the 1462 spot-sampled-only bucket,WRONG_CATEGORY_apple_pie_phrase_magnet,,,,,,,
16010034:IP5_A_IP6,"Infant flour, cereal-based, commercially produced",IP5_A_IP6,46.7086,"Pie, apple, commercially prepared, enriched flour",sr_legacy_food,fuzzy,"top two name-search candidates ('Pie, apple, commercially prepared, enriched flour', 'Pie, apple, commercially prepared, unenriched flour') are too textually similar to the source description (0.47 vs 0.46 similarity) to place confidently",NO - was in the 1462 spot-sampled-only bucket,WRONG_CATEGORY_apple_pie_phrase_magnet,,,,,,,
16010035:IP5_A_IP6,"Infant flour, cereal-based, commercially produced",IP5_A_IP6,56.7036,"Pie, apple, commercially prepared, enriched flour",sr_legacy_food,fuzzy,"top two name-search candidates ('Pie, apple, commercially prepared, enriched flour', 'Pie, apple, commercially prepared, unenriched flour') are too textually similar to the source description (0.47 vs 0.46 similarity) to place confidently",NO - was in the 1462 spot-sampled-only bucket,WRONG_CATEGORY_apple_pie_phrase_magnet,,,,,,,
16010036:IP5_A_IP6,"Infant flour, cereal-based, commercially produced",IP5_A_IP6,55.5351,"Pie, apple, commercially prepared, enriched flour",sr_legacy_food,fuzzy,"top two name-search candidates ('Pie, apple, commercially prepared, enriched flour', 'Pie, apple, commercially prepared, unenriched flour') are too textually similar to the source description (0.47 vs 0.46 similarity) to place confidently",NO - was in the 1462 spot-sampled-only bucket,WRONG_CATEGORY_apple_pie_phrase_magnet,,,,,,,
16010037:IP5_A_IP6,"Infant flour, cereal-based, commercially produced, fortified",IP5_A_IP6,313.308,"Babyfood, baked product, finger snacks cereal fortified",sr_legacy_food,fuzzy,"top two name-search candidates ('Babyfood, baked product, finger snacks cereal fortified', 'Pie, apple, commercially prepared, enriched flour') are too textually similar to the source description (0.35 vs 0.53 similarity) to place confidently",NO - was in the 1462 spot-sampled-only bucket,WRONG_CATEGORY_finger_snack_not_dry_cereal,,,,,,,
16010038:IP5_A_IP6,"Infant flour, cereal-based, commercially produced, fortified",IP5_A_IP6,598.17,"Babyfood, baked product, finger snacks cereal fortified",sr_legacy_food,fuzzy,"top two name-search candidates ('Babyfood, baked product, finger snacks cereal fortified', 'Pie, apple, commercially prepared, enriched flour') are too textually similar to the source description (0.35 vs 0.53 similarity) to place confidently",NO - was in the 1462 spot-sampled-only bucket,WRONG_CATEGORY_finger_snack_not_dry_cereal,,,,,,,
16010039:IP5_A_IP6,"Infant flour, cereal-based, commercially produced, fortified",IP5_A_IP6,493.506,"Babyfood, baked product, finger snacks cereal fortified",sr_legacy_food,fuzzy,"top two name-search candidates ('Babyfood, baked product, finger snacks cereal fortified', 'Pie, apple, commercially prepared, enriched flour') are too textually similar to the source description (0.35 vs 0.53 similarity) to place confidently",NO - was in the 1462 spot-sampled-only bucket,WRONG_CATEGORY_finger_snack_not_dry_cereal,,,,,,,
16010040:IP5_A_IP6,"Infant flour, cereal-based, commercially produced, fortified",IP5_A_IP6,508.346,"Babyfood, baked product, finger snacks cereal fortified",sr_legacy_food,fuzzy,"top two name-search candidates ('Babyfood, baked product, finger snacks cereal fortified', 'Pie, apple, commercially prepared, enriched flour') are too textually similar to the source description (0.35 vs 0.53 similarity) to place confidently",NO - was in the 1462 spot-sampled-only bucket,WRONG_CATEGORY_finger_snack_not_dry_cereal,,,,,,,
16010041:IP5_A_IP6,"Infant flour, cereal-based, commercially produced, fortified",IP5_A_IP6,535.34,"Babyfood, baked product, finger snacks cereal fortified",sr_legacy_food,fuzzy,"top two name-search candidates ('Babyfood, baked product, finger snacks cereal fortified', 'Pie, apple, commercially prepared, enriched flour') are too textually similar to the source description (0.35 vs 0.53 similarity) to place confidently",NO - was in the 1462 spot-sampled-only bucket,WRONG_CATEGORY_finger_snack_not_dry_cereal,,,,,,,
16010042:IP5_A_IP6,"Infant flour, cereal-based, commercially produced, fortified",IP5_A_IP6,303.18,"Babyfood, baked product, finger snacks cereal fortified",sr_legacy_food,fuzzy,"top two name-search candidates ('Babyfood, baked product, finger snacks cereal fortified', 'Pie, apple, commercially prepared, enriched flour') are too textually similar to the source description (0.35 vs 0.53 similarity) to place confidently",NO - was in the 1462 spot-sampled-only bucket,WRONG_CATEGORY_finger_snack_not_dry_cereal,,,,,,,
16010043:IP5_A_IP6,"Infant flour, cereal-based, commercially produced, fortified",IP5_A_IP6,107.068,"Babyfood, baked product, finger snacks cereal fortified",sr_legacy_food,fuzzy,"top two name-search candidates ('Babyfood, baked product, finger snacks cereal fortified', 'Pie, apple, commercially prepared, enriched flour') are too textually similar to the source description (0.35 vs 0.53 similarity) to place confidently",NO - was in the 1462 spot-sampled-only bucket,WRONG_CATEGORY_finger_snack_not_dry_cereal,,,,,,,
16010044:IP5_A_IP6,"Infant flour, cereal-based, commercially produced, fortified",IP5_A_IP6,560.978,"Babyfood, baked product, finger snacks cereal fortified",sr_legacy_food,fuzzy,"top two name-search candidates ('Babyfood, baked product, finger snacks cereal fortified', 'Pie, apple, commercially prepared, enriched flour') are too textually similar to the source description (0.35 vs 0.53 similarity) to place confidently",NO - was in the 1462 spot-sampled-only bucket,WRONG_CATEGORY_finger_snack_not_dry_cereal,,,,,,,
16010045:IP5_A_IP6,"Infant flour, cereal-based, commercially produced, fortified",IP5_A_IP6,561.974,"Babyfood, baked product, finger snacks cereal fortified",sr_legacy_food,fuzzy,"top two name-search candidates ('Babyfood, baked product, finger snacks cereal fortified', 'Pie, apple, commercially prepared, enriched flour') are too textually similar to the source description (0.35 vs 0.53 similarity) to place confidently",NO - was in the 1462 spot-sampled-only bucket,WRONG_CATEGORY_finger_snack_not_dry_cereal,,,,,,,
16010046:IP5_A_IP6,"Infant flour, cereal-based, commercially produced, fortified",IP5_A_IP6,433.92,"Babyfood, baked product, finger snacks cereal fortified",sr_legacy_food,fuzzy,"top two name-search candidates ('Babyfood, baked product, finger snacks cereal fortified', 'Pie, apple, commercially prepared, enriched flour') are too textually similar to the source description (0.35 vs 0.53 similarity) to place confidently",NO - was in the 1462 spot-sampled-only bucket,WRONG_CATEGORY_finger_snack_not_dry_cereal,,,,,,,
16010047:IP5_A_IP6,"Infant flour, cereal-based, commercially produced, fortified",IP5_A_IP6,408.96,"Babyfood, baked product, finger snacks cereal fortified",sr_legacy_food,fuzzy,"top two name-search candidates ('Babyfood, baked product, finger snacks cereal fortified', 'Pie, apple, commercially prepared, enriched flour') are too textually similar to the source description (0.35 vs 0.53 similarity) to place confidently",NO - was in the 1462 spot-sampled-only bucket,WRONG_CATEGORY_finger_snack_not_dry_cereal,,,,,,,
16010048:IP5_A_IP6,"Infant flour, cereal-based, commercially produced, fortified",IP5_A_IP6,441.005,"Babyfood, baked product, finger snacks cereal fortified",sr_legacy_food,fuzzy,"top two name-search candidates ('Babyfood, baked product, finger snacks cereal fortified', 'Pie, apple, commercially prepared, enriched flour') are too textually similar to the source description (0.35 vs 0.53 similarity) to place confidently",NO - was in the 1462 spot-sampled-only bucket,WRONG_CATEGORY_finger_snack_not_dry_cereal,,,,,,,
16010049:IP5_A_IP6,"Infant flour, cereal-based, commercially produced, fortified",IP5_A_IP6,429.71,"Babyfood, baked product, finger snacks cereal fortified",sr_legacy_food,fuzzy,"top two name-search candidates ('Babyfood, baked product, finger snacks cereal fortified', 'Pie, apple, commercially prepared, enriched flour') are too textually similar to the source description (0.35 vs 0.53 similarity) to place confidently",NO - was in the 1462 spot-sampled-only bucket,WRONG_CATEGORY_finger_snack_not_dry_cereal,,,,,,,
16010050:IP5_A_IP6,"Infant flour, cereal-based, commercially produced, fortified",IP5_A_IP6,580.32,"Babyfood, baked product, finger snacks cereal fortified",sr_legacy_food,fuzzy,"top two name-search candidates ('Babyfood, baked product, finger snacks cereal fortified', 'Pie, apple, commercially prepared, enriched flour') are too textually similar to the source description (0.35 vs 0.53 similarity) to place confidently",NO - was in the 1462 spot-sampled-only bucket,WRONG_CATEGORY_finger_snack_not_dry_cereal,,,,,,,
16010051:IP5_A_IP6,"Infant flour, cereal-based, commercially produced, fortified",IP5_A_IP6,465.192,"Babyfood, baked product, finger snacks cereal fortified",sr_legacy_food,fuzzy,"top two name-search candidates ('Babyfood, baked product, finger snacks cereal fortified', 'Pie, apple, commercially prepared, enriched flour') are too textually similar to the source description (0.35 vs 0.53 similarity) to place confidently",NO - was in the 1462 spot-sampled-only bucket,WRONG_CATEGORY_finger_snack_not_dry_cereal,,,,,,,
16010052:IP5_A_IP6,"Infant flour, cereal-based, commercially produced, fortified",IP5_A_IP6,142.416,"Babyfood, baked product, finger snacks cereal fortified",sr_legacy_food,fuzzy,"top two name-search candidates ('Babyfood, baked product, finger snacks cereal fortified', 'Pie, apple, commercially prepared, enriched flour') are too textually similar to the source description (0.35 vs 0.53 similarity) to place confidently",NO - was in the 1462 spot-sampled-only bucket,WRONG_CATEGORY_finger_snack_not_dry_cereal,,,,,,,
16010053:IP5_A_IP6,"Infant flour, cereal-based, commercially produced, fortified",IP5_A_IP6,215.698,"Babyfood, baked product, finger snacks cereal fortified",sr_legacy_food,fuzzy,"top two name-search candidates ('Babyfood, baked product, finger snacks cereal fortified', 'Pie, apple, commercially prepared, enriched flour') are too textually similar to the source description (0.35 vs 0.53 similarity) to place confidently",NO - was in the 1462 spot-sampled-only bucket,WRONG_CATEGORY_finger_snack_not_dry_cereal,,,,,,,
16010054:IP5_A_IP6,"Infant flour, cereal-based, commercially produced, fortified",IP5_A_IP6,144.394,"Babyfood, baked product, finger snacks cereal fortified",sr_legacy_food,fuzzy,"top two name-search candidates ('Babyfood, baked product, finger snacks cereal fortified', 'Pie, apple, commercially prepared, enriched flour') are too textually similar to the source description (0.35 vs 0.53 similarity) to place confidently",NO - was in the 1462 spot-sampled-only bucket,WRONG_CATEGORY_finger_snack_not_dry_cereal,,,,,,,
16010055:IP5_A_IP6,"Infant flour, cereal-based, commercially produced, fortified",IP5_A_IP6,17.712,"Babyfood, baked product, finger snacks cereal fortified",sr_legacy_food,fuzzy,"top two name-search candidates ('Babyfood, baked product, finger snacks cereal fortified', 'Pie, apple, commercially prepared, enriched flour') are too textually similar to the source description (0.35 vs 0.53 similarity) to place confidently",NO - was in the 1462 spot-sampled-only bucket,WRONG_CATEGORY_finger_snack_not_dry_cereal,,,,,,,
16010056:IP5_A_IP6,"Infant flour, cereal-based, commercially produced, fortified",IP5_A_IP6,6.9895,"Babyfood, baked product, finger snacks cereal fortified",sr_legacy_food,fuzzy,"top two name-search candidates ('Babyfood, baked product, finger snacks cereal fortified', 'Pie, apple, commercially prepared, enriched flour') are too textually similar to the source description (0.35 vs 0.53 similarity) to place confidently",NO - was in the 1462 spot-sampled-only bucket,WRONG_CATEGORY_finger_snack_not_dry_cereal,,,,,,,
16010057:IP5_A_IP6,"Infant flour, cereal-based, commercially produced, fortified",IP5_A_IP6,127.744,"Babyfood, baked product, finger snacks cereal fortified",sr_legacy_food,fuzzy,"top two name-search candidates ('Babyfood, baked product, finger snacks cereal fortified', 'Pie, apple, commercially prepared, enriched flour') are too textually similar to the source description (0.35 vs 0.53 similarity) to place confidently",NO - was in the 1462 spot-sampled-only bucket,WRONG_CATEGORY_finger_snack_not_dry_cereal,,,,,,,
16010058:IP5_A_IP6,"Infant flour, cereal-based, commercially produced, fortified",IP5_A_IP6,193.612,"Babyfood, baked product, finger snacks cereal fortified",sr_legacy_food,fuzzy,"top two name-search candidates ('Babyfood, baked product, finger snacks cereal fortified', 'Pie, apple, commercially prepared, enriched flour') are too textually similar to the source description (0.35 vs 0.53 similarity) to place confidently",NO - was in the 1462 spot-sampled-only bucket,WRONG_CATEGORY_finger_snack_not_dry_cereal,,,,,,,
16010059:IP5_A_IP6,"Infant flour, cereal-based, commercially produced, fortified",IP5_A_IP6,222.5763,"Babyfood, baked product, finger snacks cereal fortified",sr_legacy_food,fuzzy,"top two name-search candidates ('Babyfood, baked product, finger snacks cereal fortified', 'Pie, apple, commercially prepared, enriched flour') are too textually similar to the source description (0.35 vs 0.53 similarity) to place confidently",NO - was in the 1462 spot-sampled-only bucket,WRONG_CATEGORY_finger_snack_not_dry_cereal,,,,,,,
16010060:IP5_A_IP6,"Infant flour, cereal-based, commercially produced, fortified",IP5_A_IP6,216.0669,"Babyfood, baked product, finger snacks cereal fortified",sr_legacy_food,fuzzy,"top two name-search candidates ('Babyfood, baked product, finger snacks cereal fortified', 'Pie, apple, commercially prepared, enriched flour') are too textually similar to the source description (0.35 vs 0.53 similarity) to place confidently",NO - was in the 1462 spot-sampled-only bucket,WRONG_CATEGORY_finger_snack_not_dry_cereal,,,,,,,
16010061:IP5_A_IP6,"Infant flour, cereal-based, commercially produced, fortified",IP5_A_IP6,74.9175,"Babyfood, baked product, finger snacks cereal fortified",sr_legacy_food,fuzzy,"top two name-search candidates ('Babyfood, baked product, finger snacks cereal fortified', 'Pie, apple, commercially prepared, enriched flour') are too textually similar to the source description (0.35 vs 0.53 similarity) to place confidently",NO - was in the 1462 spot-sampled-only bucket,WRONG_CATEGORY_finger_snack_not_dry_cereal,,,,,,,
16010062:IP5_A_IP6,"Infant flour, cereal-based, commercially produced, fortified",IP5_A_IP6,297.6126,"Babyfood, baked product, finger snacks cereal fortified",sr_legacy_food,fuzzy,"top two name-search candidates ('Babyfood, baked product, finger snacks cereal fortified', 'Pie, apple, commercially prepared, enriched flour') are too textually similar to the source description (0.35 vs 0.53 similarity) to place confidently",NO - was in the 1462 spot-sampled-only bucket,WRONG_CATEGORY_finger_snack_not_dry_cereal,,,,,,,
16010063:IP5_A_IP6,"Infant flour, cereal-based, commercially produced, fortified",IP5_A_IP6,93.8496,"Babyfood, baked product, finger snacks cereal fortified",sr_legacy_food,fuzzy,"top two name-search candidates ('Babyfood, baked product, finger snacks cereal fortified', 'Pie, apple, commercially prepared, enriched flour') are too textually similar to the source description (0.35 vs 0.53 similarity) to place confidently",NO - was in the 1462 spot-sampled-only bucket,WRONG_CATEGORY_finger_snack_not_dry_cereal,,,,,,,
16010064:IP5_A_IP6,"Infant flour, cereal-based, commercially produced, fortified",IP5_A_IP6,0.0,"Babyfood, baked product, finger snacks cereal fortified",sr_legacy_food,fuzzy,"top two name-search candidates ('Babyfood, baked product, finger snacks cereal fortified', 'Pie, apple, commercially prepared, enriched flour') are too textually similar to the source description (0.35 vs 0.53 similarity) to place confidently",NO - was in the 1462 spot-sampled-only bucket,WRONG_CATEGORY_finger_snack_not_dry_cereal,,,,,,,
16010065:IP5_A_IP6,"Infant flour, cereal-based, commercially produced, fortified",IP5_A_IP6,60.8048,"Babyfood, baked product, finger snacks cereal fortified",sr_legacy_food,fuzzy,"top two name-search candidates ('Babyfood, baked product, finger snacks cereal fortified', 'Pie, apple, commercially prepared, enriched flour') are too textually similar to the source description (0.35 vs 0.53 similarity) to place confidently",NO - was in the 1462 spot-sampled-only bucket,WRONG_CATEGORY_finger_snack_not_dry_cereal,,,,,,,
16010066:IP5_A_IP6,"Infant flour, cereal-based, commercially produced, fortified",IP5_A_IP6,284.259,"Babyfood, baked product, finger snacks cereal fortified",sr_legacy_food,fuzzy,"top two name-search candidates ('Babyfood, baked product, finger snacks cereal fortified', 'Pie, apple, commercially prepared, enriched flour') are too textually similar to the source description (0.35 vs 0.53 similarity) to place confidently",NO - was in the 1462 spot-sampled-only bucket,WRONG_CATEGORY_finger_snack_not_dry_cereal,,,,,,,
16010067:IP5_A_IP6,"Infant flour, cereal-based, commercially produced, fortified",IP5_A_IP6,255.616,"Babyfood, baked product, finger snacks cereal fortified",sr_legacy_food,fuzzy,"top two name-search candidates ('Babyfood, baked product, finger snacks cereal fortified', 'Pie, apple, commercially prepared, enriched flour') are too textually similar to the source description (0.35 vs 0.53 similarity) to place confidently",NO - was in the 1462 spot-sampled-only bucket,WRONG_CATEGORY_finger_snack_not_dry_cereal,,,,,,,
16010068:IP5_A_IP6,"Infant flour, cereal-based, commercially produced, fortified",IP5_A_IP6,169.796,"Babyfood, baked product, finger snacks cereal fortified",sr_legacy_food,fuzzy,"top two name-search candidates ('Babyfood, baked product, finger snacks cereal fortified', 'Pie, apple, commercially prepared, enriched flour') are too textually similar to the source description (0.35 vs 0.53 similarity) to place confidently",NO - was in the 1462 spot-sampled-only bucket,WRONG_CATEGORY_finger_snack_not_dry_cereal,,,,,,,
16010069:IP5_A_IP6,"Infant flour, cereal-based, commercially produced, fortified",IP5_A_IP6,179.73,"Babyfood, baked product, finger snacks cereal fortified",sr_legacy_food,fuzzy,"top two name-search candidates ('Babyfood, baked product, finger snacks cereal fortified', 'Pie, apple, commercially prepared, enriched flour') are too textually similar to the source description (0.35 vs 0.53 similarity) to place confidently",NO - was in the 1462 spot-sampled-only bucket,WRONG_CATEGORY_finger_snack_not_dry_cereal,,,,,,,
16010070:IP5_A_IP6,"Infant flour, cereal-based, commercially produced, fortified",IP5_A_IP6,78.9289,"Babyfood, baked product, finger snacks cereal fortified",sr_legacy_food,fuzzy,"top two name-search candidates ('Babyfood, baked product, finger snacks cereal fortified', 'Pie, apple, commercially prepared, enriched flour') are too textually similar to the source description (0.35 vs 0.53 similarity) to place confidently",NO - was in the 1462 spot-sampled-only bucket,WRONG_CATEGORY_finger_snack_not_dry_cereal,,,,,,,
16010071:IP5_A_IP6,"Infant flour, cereal-based, commercially produced, fortified",IP5_A_IP6,260.478,"Babyfood, baked product, finger snacks cereal fortified",sr_legacy_food,fuzzy,"top two name-search candidates ('Babyfood, baked product, finger snacks cereal fortified', 'Pie, apple, commercially prepared, enriched flour') are too textually similar to the source description (0.35 vs 0.53 similarity) to place confidently",NO - was in the 1462 spot-sampled-only bucket,WRONG_CATEGORY_finger_snack_not_dry_cereal,,,,,,,
16010072:IP5_A_IP6,"Infant flour, cereal-based, commercially produced, fortified",IP5_A_IP6,23.9784,"Babyfood, baked product, finger snacks cereal fortified",sr_legacy_food,fuzzy,"top two name-search candidates ('Babyfood, baked product, finger snacks cereal fortified', 'Pie, apple, commercially prepared, enriched flour') are too textually similar to the source description (0.35 vs 0.53 similarity) to place confidently",NO - was in the 1462 spot-sampled-only bucket,WRONG_CATEGORY_finger_snack_not_dry_cereal,,,,,,,
16010073:IP5_A_IP6,"Infant flour, cereal-based, commercially produced, fortified",IP5_A_IP6,275.8068,"Babyfood, baked product, finger snacks cereal fortified",sr_legacy_food,fuzzy,"top two name-search candidates ('Babyfood, baked product, finger snacks cereal fortified', 'Pie, apple, commercially prepared, enriched flour') are too textually similar to the source description (0.35 vs 0.53 similarity) to place confidently",NO - was in the 1462 spot-sampled-only bucket,WRONG_CATEGORY_finger_snack_not_dry_cereal,,,,,,,
16010074:IP5_A_IP6,"Infant flour, cereal-based, commercially produced, fortified",IP5_A_IP6,264.6555,"Babyfood, baked product, finger snacks cereal fortified",sr_legacy_food,fuzzy,"top two name-search candidates ('Babyfood, baked product, finger snacks cereal fortified', 'Pie, apple, commercially prepared, enriched flour') are too textually similar to the source description (0.35 vs 0.53 similarity) to place confidently",NO - was in the 1462 spot-sampled-only bucket,WRONG_CATEGORY_finger_snack_not_dry_cereal,,,,,,,
16010075:IP5_A_IP6,"Infant flour, cereal-based, commercially produced, fortified",IP5_A_IP6,159.904,"Babyfood, baked product, finger snacks cereal fortified",sr_legacy_food,fuzzy,"top two name-search candidates ('Babyfood, baked product, finger snacks cereal fortified', 'Pie, apple, commercially prepared, enriched flour') are too textually similar to the source description (0.35 vs 0.53 similarity) to place confidently",NO - was in the 1462 spot-sampled-only bucket,WRONG_CATEGORY_finger_snack_not_dry_cereal,,,,,,,
16010076:IP5_A_IP6,"Infant flour, cereal-based, commercially produced, fortified",IP5_A_IP6,265.5478,"Babyfood, baked product, finger snacks cereal fortified",sr_legacy_food,fuzzy,"top two name-search candidates ('Babyfood, baked product, finger snacks cereal fortified', 'Pie, apple, commercially prepared, enriched flour') are too textually similar to the source description (0.35 vs 0.53 similarity) to place confidently",NO - was in the 1462 spot-sampled-only bucket,WRONG_CATEGORY_finger_snack_not_dry_cereal,,,,,,,
16010077:IP5_A_IP6,"Infant flour, cereal-based, commercially produced, fortified",IP5_A_IP6,0.0,"Babyfood, baked product, finger snacks cereal fortified",sr_legacy_food,fuzzy,"top two name-search candidates ('Babyfood, baked product, finger snacks cereal fortified', 'Pie, apple, commercially prepared, enriched flour') are too textually similar to the source description (0.35 vs 0.53 similarity) to place confidently",NO - was in the 1462 spot-sampled-only bucket,WRONG_CATEGORY_finger_snack_not_dry_cereal,,,,,,,
16010078:IP5_A_IP6,"Infant flour, cereal-based, commercially produced, fortified",IP5_A_IP6,33.796,"Babyfood, baked product, finger snacks cereal fortified",sr_legacy_food,fuzzy,"top two name-search candidates ('Babyfood, baked product, finger snacks cereal fortified', 'Pie, apple, commercially prepared, enriched flour') are too textually similar to the source description (0.35 vs 0.53 similarity) to place confidently",NO - was in the 1462 spot-sampled-only bucket,WRONG_CATEGORY_finger_snack_not_dry_cereal,,,,,,,
16010079:IP5_A_IP6,"Infant flour, cereal-based, commercially produced, fortified",IP5_A_IP6,185.932,"Babyfood, baked product, finger snacks cereal fortified",sr_legacy_food,fuzzy,"top two name-search candidates ('Babyfood, baked product, finger snacks cereal fortified', 'Pie, apple, commercially prepared, enriched flour') are too textually similar to the source description (0.35 vs 0.53 similarity) to place confidently",NO - was in the 1462 spot-sampled-only bucket,WRONG_CATEGORY_finger_snack_not_dry_cereal,,,,,,,
16010080:IP5_A_IP6,"Infant flour, cereal-based, commercially produced, fortified",IP5_A_IP6,135.66,"Babyfood, baked product, finger snacks cereal fortified",sr_legacy_food,fuzzy,"top two name-search candidates ('Babyfood, baked product, finger snacks cereal fortified', 'Pie, apple, commercially prepared, enriched flour') are too textually similar to the source description (0.35 vs 0.53 similarity) to place confidently",NO - was in the 1462 spot-sampled-only bucket,WRONG_CATEGORY_finger_snack_not_dry_cereal,,,,,,,
16010081:IP5_A_IP6,"Infant flour, cereal-based, commercially produced, fortified",IP5_A_IP6,735.4214,"Babyfood, baked product, finger snacks cereal fortified",sr_legacy_food,fuzzy,"top two name-search candidates ('Babyfood, baked product, finger snacks cereal fortified', 'Pie, apple, commercially prepared, enriched flour') are too textually similar to the source description (0.35 vs 0.53 similarity) to place confidently",NO - was in the 1462 spot-sampled-only bucket,WRONG_CATEGORY_finger_snack_not_dry_cereal,,,,,,,
16010082:IP5_A_IP6,"Infant flour, cereal-based, commercially produced, fortified",IP5_A_IP6,32.538,"Babyfood, baked product, finger snacks cereal fortified",sr_legacy_food,fuzzy,"top two name-search candidates ('Babyfood, baked product, finger snacks cereal fortified', 'Pie, apple, commercially prepared, enriched flour') are too textually similar to the source description (0.35 vs 0.53 similarity) to place confidently",NO - was in the 1462 spot-sampled-only bucket,WRONG_CATEGORY_finger_snack_not_dry_cereal,,,,,,,
16010083:IP5_A_IP6,"Infant flour, cereal-based, commercially produced, fortified",IP5_A_IP6,18.9316,"Babyfood, baked product, finger snacks cereal fortified",sr_legacy_food,fuzzy,"top two name-search candidates ('Babyfood, baked product, finger snacks cereal fortified', 'Pie, apple, commercially prepared, enriched flour') are too textually similar to the source description (0.35 vs 0.53 similarity) to place confidently",NO - was in the 1462 spot-sampled-only bucket,WRONG_CATEGORY_finger_snack_not_dry_cereal,,,,,,,
16010084:IP5_A_IP6,"Infant flour, cereal-based, commercially produced, fortified",IP5_A_IP6,12.0,"Babyfood, baked product, finger snacks cereal fortified",sr_legacy_food,fuzzy,"top two name-search candidates ('Babyfood, baked product, finger snacks cereal fortified', 'Pie, apple, commercially prepared, enriched flour') are too textually similar to the source description (0.35 vs 0.53 similarity) to place confidently",NO - was in the 1462 spot-sampled-only bucket,WRONG_CATEGORY_finger_snack_not_dry_cereal,,,,,,,
16010085:PHYTC-,"Infant flour, cereal-based, farex",PHYTC-,836.0,"Flowers Foods, Inc. LOW FAT CEREAL BARS",branded_food,fuzzy,"top two name-search candidates ('Flowers Foods, Inc. LOW FAT CEREAL BARS', 'Fareway Stores, Inc. BRAN FLAKES CEREAL') are too textually similar to the source description (0.42 vs 0.39 similarity) to place confidently",NO - was in the 1462 spot-sampled-only bucket,,,,,,,,
16010086:IP5,"Infant flour, cereal-based, fortified",IP5,32.604,"Babyfood, cereal, barley, dry fortified",sr_legacy_food,fuzzy,"top two name-search candidates ('Babyfood, cereal, barley, dry fortified', 'Babyfood, cereal, rice, dry fortified') are too textually similar to the source description (0.63 vs 0.59 similarity) to place confidently",YES,LIKELY_CORRECT_dry_babyfood_cereal,,,,,,,
16010086:IP6,"Infant flour, cereal-based, fortified",IP6,257.868,"Babyfood, cereal, barley, dry fortified",sr_legacy_food,fuzzy,"top two name-search candidates ('Babyfood, cereal, barley, dry fortified', 'Babyfood, cereal, rice, dry fortified') are too textually similar to the source description (0.63 vs 0.59 similarity) to place confidently",YES,LIKELY_CORRECT_dry_babyfood_cereal,,,,,,,
16010086:IP5_A_IP6,"Infant flour, cereal-based, fortified",IP5_A_IP6,290.472,"Babyfood, cereal, barley, dry fortified",sr_legacy_food,fuzzy,"top two name-search candidates ('Babyfood, cereal, barley, dry fortified', 'Babyfood, cereal, rice, dry fortified') are too textually similar to the source description (0.63 vs 0.59 similarity) to place confidently",YES,LIKELY_CORRECT_dry_babyfood_cereal,,,,,,,
16010087:IP5,"Infant flour, cereal-based, fortified",IP5,43.208,"Babyfood, cereal, barley, dry fortified",sr_legacy_food,fuzzy,"top two name-search candidates ('Babyfood, cereal, barley, dry fortified', 'Babyfood, cereal, rice, dry fortified') are too textually similar to the source description (0.63 vs 0.59 similarity) to place confidently",YES,LIKELY_CORRECT_dry_babyfood_cereal,,,,,,,
16010087:IP6,"Infant flour, cereal-based, fortified",IP6,264.158,"Babyfood, cereal, barley, dry fortified",sr_legacy_food,fuzzy,"top two name-search candidates ('Babyfood, cereal, barley, dry fortified', 'Babyfood, cereal, rice, dry fortified') are too textually similar to the source description (0.63 vs 0.59 similarity) to place confidently",YES,LIKELY_CORRECT_dry_babyfood_cereal,,,,,,,
16010087:IP5_A_IP6,"Infant flour, cereal-based, fortified",IP5_A_IP6,307.366,"Babyfood, cereal, barley, dry fortified",sr_legacy_food,fuzzy,"top two name-search candidates ('Babyfood, cereal, barley, dry fortified', 'Babyfood, cereal, rice, dry fortified') are too textually similar to the source description (0.63 vs 0.59 similarity) to place confidently",YES,LIKELY_CORRECT_dry_babyfood_cereal,,,,,,,
16010088:IP5,"Infant flour, cereal-based, fortified",IP5,19.66,"Babyfood, cereal, barley, dry fortified",sr_legacy_food,fuzzy,"top two name-search candidates ('Babyfood, cereal, barley, dry fortified', 'Babyfood, cereal, rice, dry fortified') are too textually similar to the source description (0.63 vs 0.59 similarity) to place confidently",YES,LIKELY_CORRECT_dry_babyfood_cereal,,,,,,,
16010088:IP6,"Infant flour, cereal-based, fortified",IP6,178.90599999999998,"Babyfood, cereal, barley, dry fortified",sr_legacy_food,fuzzy,"top two name-search candidates ('Babyfood, cereal, barley, dry fortified', 'Babyfood, cereal, rice, dry fortified') are too textually similar to the source description (0.63 vs 0.59 similarity) to place confidently",YES,LIKELY_CORRECT_dry_babyfood_cereal,,,,,,,
16010088:IP5_A_IP6,"Infant flour, cereal-based, fortified",IP5_A_IP6,198.56599999999997,"Babyfood, cereal, barley, dry fortified",sr_legacy_food,fuzzy,"top two name-search candidates ('Babyfood, cereal, barley, dry fortified', 'Babyfood, cereal, rice, dry fortified') are too textually similar to the source description (0.63 vs 0.59 similarity) to place confidently",YES,LIKELY_CORRECT_dry_babyfood_cereal,,,,,,,
16010089:PHYTCPP,"Infant flour, rice-based, commercially produced",PHYTCPP,313.0,"Pie, apple, commercially prepared, enriched flour",sr_legacy_food,fuzzy,"top two name-search candidates ('Pie, apple, commercially prepared, enriched flour', 'Pie, apple, commercially prepared, unenriched flour') are too textually similar to the source description (0.48 vs 0.47 similarity) to place confidently",NO - was in the 1462 spot-sampled-only bucket,WRONG_CATEGORY_apple_pie_phrase_magnet,,,,,,,
16010090:PHYTCPP,"Infant flour, rice-based, commercially produced",PHYTCPP,332.0,"Pie, apple, commercially prepared, enriched flour",sr_legacy_food,fuzzy,"top two name-search candidates ('Pie, apple, commercially prepared, enriched flour', 'Pie, apple, commercially prepared, unenriched flour') are too textually similar to the source description (0.48 vs 0.47 similarity) to place confidently",NO - was in the 1462 spot-sampled-only bucket,WRONG_CATEGORY_apple_pie_phrase_magnet,,,,,,,
16010091:PHYTCPP,"Infant flour, rice-based, commercially produced",PHYTCPP,366.0,"Pie, apple, commercially prepared, enriched flour",sr_legacy_food,fuzzy,"top two name-search candidates ('Pie, apple, commercially prepared, enriched flour', 'Pie, apple, commercially prepared, unenriched flour') are too textually similar to the source description (0.48 vs 0.47 similarity) to place confidently",NO - was in the 1462 spot-sampled-only bucket,WRONG_CATEGORY_apple_pie_phrase_magnet,,,,,,,
16010092:PHYTCPP,"Infant flour, rice-based, commercially produced",PHYTCPP,308.0,"Pie, apple, commercially prepared, enriched flour",sr_legacy_food,fuzzy,"top two name-search candidates ('Pie, apple, commercially prepared, enriched flour', 'Pie, apple, commercially prepared, unenriched flour') are too textually similar to the source description (0.48 vs 0.47 similarity) to place confidently",NO - was in the 1462 spot-sampled-only bucket,WRONG_CATEGORY_apple_pie_phrase_magnet,,,,,,,
16010093:PHYTCPP,"Infant flour, rice-based, commercially produced",PHYTCPP,375.0,"Pie, apple, commercially prepared, enriched flour",sr_legacy_food,fuzzy,"top two name-search candidates ('Pie, apple, commercially prepared, enriched flour', 'Pie, apple, commercially prepared, unenriched flour') are too textually similar to the source description (0.48 vs 0.47 similarity) to place confidently",NO - was in the 1462 spot-sampled-only bucket,WRONG_CATEGORY_apple_pie_phrase_magnet,,,,,,,
16010094:PHYTCPP,"Infant flour, rice-based, commercially produced",PHYTCPP,380.0,"Pie, apple, commercially prepared, enriched flour",sr_legacy_food,fuzzy,"top two name-search candidates ('Pie, apple, commercially prepared, enriched flour', 'Pie, apple, commercially prepared, unenriched flour') are too textually similar to the source description (0.48 vs 0.47 similarity) to place confidently",NO - was in the 1462 spot-sampled-only bucket,WRONG_CATEGORY_apple_pie_phrase_magnet,,,,,,,
16010095:PHYTCPP,"Infant flour, rice-based, commercially produced",PHYTCPP,487.0,"Pie, apple, commercially prepared, enriched flour",sr_legacy_food,fuzzy,"top two name-search candidates ('Pie, apple, commercially prepared, enriched flour', 'Pie, apple, commercially prepared, unenriched flour') are too textually similar to the source description (0.48 vs 0.47 similarity) to place confidently",NO - was in the 1462 spot-sampled-only bucket,WRONG_CATEGORY_apple_pie_phrase_magnet,,,,,,,
16010096:PHYTCPP,"Infant flour, rice-based, commercially produced",PHYTCPP,465.0,"Pie, apple, commercially prepared, enriched flour",sr_legacy_food,fuzzy,"top two name-search candidates ('Pie, apple, commercially prepared, enriched flour', 'Pie, apple, commercially prepared, unenriched flour') are too textually similar to the source description (0.48 vs 0.47 similarity) to place confidently",NO - was in the 1462 spot-sampled-only bucket,WRONG_CATEGORY_apple_pie_phrase_magnet,,,,,,,
16010097:PHYTCPP,"Infant flour, rice-based, commercially produced",PHYTCPP,299.0,"Pie, apple, commercially prepared, enriched flour",sr_legacy_food,fuzzy,"top two name-search candidates ('Pie, apple, commercially prepared, enriched flour', 'Pie, apple, commercially prepared, unenriched flour') are too textually similar to the source description (0.48 vs 0.47 similarity) to place confidently",NO - was in the 1462 spot-sampled-only bucket,WRONG_CATEGORY_apple_pie_phrase_magnet,,,,,,,
16010098:PHYTCPP,"Infant flour, rice-based, commercially produced",PHYTCPP,307.0,"Pie, apple, commercially prepared, enriched flour",sr_legacy_food,fuzzy,"top two name-search candidates ('Pie, apple, commercially prepared, enriched flour', 'Pie, apple, commercially prepared, unenriched flour') are too textually similar to the source description (0.48 vs 0.47 similarity) to place confidently",NO - was in the 1462 spot-sampled-only bucket,WRONG_CATEGORY_apple_pie_phrase_magnet,,,,,,,
16010099:PHYTCPP,"Infant flour, rice-based, commercially produced",PHYTCPP,402.0,"Pie, apple, commercially prepared, enriched flour",sr_legacy_food,fuzzy,"top two name-search candidates ('Pie, apple, commercially prepared, enriched flour', 'Pie, apple, commercially prepared, unenriched flour') are too textually similar to the source description (0.48 vs 0.47 similarity) to place confidently",NO - was in the 1462 spot-sampled-only bucket,WRONG_CATEGORY_apple_pie_phrase_magnet,,,,,,,
16010100:PHYTCPP,"Infant flour, rice-based, commercially produced",PHYTCPP,333.0,"Pie, apple, commercially prepared, enriched flour",sr_legacy_food,fuzzy,"top two name-search candidates ('Pie, apple, commercially prepared, enriched flour', 'Pie, apple, commercially prepared, unenriched flour') are too textually similar to the source description (0.48 vs 0.47 similarity) to place confidently",NO - was in the 1462 spot-sampled-only bucket,WRONG_CATEGORY_apple_pie_phrase_magnet,,,,,,,
16010101:PHYTCPP,"Infant flour, rice-based, commercially produced",PHYTCPP,378.0,"Pie, apple, commercially prepared, enriched flour",sr_legacy_food,fuzzy,"top two name-search candidates ('Pie, apple, commercially prepared, enriched flour', 'Pie, apple, commercially prepared, unenriched flour') are too textually similar to the source description (0.48 vs 0.47 similarity) to place confidently",NO - was in the 1462 spot-sampled-only bucket,WRONG_CATEGORY_apple_pie_phrase_magnet,,,,,,,
16010102:PHYTCPP,"Infant flour, rice-based, commercially produced",PHYTCPP,451.0,"Pie, apple, commercially prepared, enriched flour",sr_legacy_food,fuzzy,"top two name-search candidates ('Pie, apple, commercially prepared, enriched flour', 'Pie, apple, commercially prepared, unenriched flour') are too textually similar to the source description (0.48 vs 0.47 similarity) to place confidently",NO - was in the 1462 spot-sampled-only bucket,WRONG_CATEGORY_apple_pie_phrase_magnet,,,,,,,
16010103:PHYTCPP,"Infant flour, rice-based, commercially produced",PHYTCPP,306.0,"Pie, apple, commercially prepared, enriched flour",sr_legacy_food,fuzzy,"top two name-search candidates ('Pie, apple, commercially prepared, enriched flour', 'Pie, apple, commercially prepared, unenriched flour') are too textually similar to the source description (0.48 vs 0.47 similarity) to place confidently",NO - was in the 1462 spot-sampled-only bucket,WRONG_CATEGORY_apple_pie_phrase_magnet,,,,,,,
16010104:PHYTCPP,"Infant flour, rice-based, commercially produced",PHYTCPP,241.0,"Pie, apple, commercially prepared, enriched flour",sr_legacy_food,fuzzy,"top two name-search candidates ('Pie, apple, commercially prepared, enriched flour', 'Pie, apple, commercially prepared, unenriched flour') are too textually similar to the source description (0.48 vs 0.47 similarity) to place confidently",NO - was in the 1462 spot-sampled-only bucket,WRONG_CATEGORY_apple_pie_phrase_magnet,,,,,,,
16010105:PHYTCPP,"Infant flour, rice-based, commercially produced",PHYTCPP,252.0,"Pie, apple, commercially prepared, enriched flour",sr_legacy_food,fuzzy,"top two name-search candidates ('Pie, apple, commercially prepared, enriched flour', 'Pie, apple, commercially prepared, unenriched flour') are too textually similar to the source description (0.48 vs 0.47 similarity) to place confidently",NO - was in the 1462 spot-sampled-only bucket,WRONG_CATEGORY_apple_pie_phrase_magnet,,,,,,,
16010107:PHYTC-,"Infant flour, Soylac",PHYTC-,460.0,"Flour, soy, full-fat",foundation_food,fuzzy,"top two name-search candidates ('Flour, soy, full-fat', 'Soy flour, low-fat') are too textually similar to the source description (0.60 vs 0.53 similarity) to place confidently",YES,,,,,,,,
